mut_name,5,5
mut_name,5,5
mut_name,5,5
N331A,-0.62526,57.4494
N331C,-1.18984,52.9048
N331D,-0.53294,56.9874
N331E,-0.37718,56.254
N331F,-1.12351,48.9724
N331G,-0.57452,49.3502
N331H,-0.62678,53.2907
N331I,-1.15781,46.9519
N331K,-0.53904,47.4502
N331L,-0.95666,51.8419
N331M,-0.87787,48.5787
N331P,-0.39538,54.2335
N331Q,-0.49923,52.9171
N331R,-0.61342,54.7379
N331S,-0.59608,50.1057
N331T,-0.5151,50.3791
N331V,-0.8225,54.5306
N331W,-1.28735,53.0508
N331Y,-1.02068,57.5373
I332A,0.06312,58.8902
I332C,-0.02197,52.4908
I332D,-0.01094,52.2457
I332E,-0.03466,59.0233
I332F,-0.16494,56.2716
I332G,0.05476,49.9541
I332H,-0.03236,54.3557
I332K,-0.01225,47.9707
I332L,-0.06683,51.0531
I332M,-0.06238,56.3343
I332N,0.13618,52.113
I332P,-0.40179,53.1223
I332Q,-0.04084,54.0221
I332R,0.00692,53.8833
I332S,0.06356,58.1017
I332T,-0.04458,55.4439
I332V,-0.03153,55.5797
I332W,-0.31303,57.4832
I332Y,-0.11335,56.1341
T333A,-0.74579,53.1072
T333C,-1.17227,57.0224
T333D,-0.53353,57.1291
T333E,-0.56201,57.045
T333F,-1.08597,53.6556
T333G,-0.55066,51.0128
T333H,-0.66501,58.3817
T333I,-1.04369,54.3572
T333K,-0.40389,53.2714
T333L,-0.92435,48.3027
T333M,-0.81851,51.7949
T333N,-0.54952,52.6685
T333P,-0.57746,49.5009
T333Q,-0.40941,51.1462
T333R,-0.75812,50.0014
T333S,-0.09516,55.5385
T333V,-0.83849,53.3703
T333W,-1.20814,50.2115
T333Y,-0.89271,53.3085
N334A,-0.17088,55.3299
N334C,-0.67464,55.8341
N334D,-0.20317,57.2672
N334E,-0.09716,53.4947
N334F,-0.85433,48.073
N334G,-0.25806,53.5518
N334H,-0.26715,53.2056
N334I,-0.80629,50.0241
N334K,-0.02094,50.972
N334L,-0.7908,54.1749
N334M,-0.57616,54.6358
N334P,-0.94497,50.5192
N334Q,-0.00302,61.6117
N334R,-0.05445,53.0939
N334S,-0.19687,53.815
N334T,-0.09845,50.5706
N334V,-0.52485,55.3263
N334W,-1.0422,52.0815
N334Y,-0.71012,53.3087
L335A,-0.06073,55.4263
L335C,-0.57399,58.3379
L335D,-0.32383,49.329
L335E,-0.12397,54.0622
L335F,-0.27176,47.3372
L335G,-0.40329,54.9193
L335H,-0.29498,54.6282
L335I,-0.12465,55.2803
L335K,0.02585,52.7078
L335M,-0.30104,51.8906
L335N,-0.11695,51.5238
L335P,0.07447,54.7544
L335Q,-0.20505,54.5385
L335R,-0.02801,46.4058
L335S,-0.24722,55.733
L335T,-0.11267,57.6594
L335V,-0.20395,54.1286
L335W,-0.42199,39.8054
L335Y,-0.2453,53.8524
C336A,-1.21352,51.5565
C336D,-1.12777,65.1638
C336E,-1.18269,64.6036
C336F,-1.18888,50.816
C336G,-1.10255,55.4162
C336H,-1.08173,56.6023
C336I,-1.44549,59.8355
C336K,-1.32988,54.3632
C336L,-1.48376,55.1283
C336M,-1.25838,54.2885
C336N,-0.97725,57.5306
C336P,-1.40311,51.133
C336Q,-1.21708,55.7452
C336R,-1.38306,61.4781
C336S,-1.01661,55.5947
C336T,-1.0766,58.7761
C336V,-1.29265,50.7452
C336W,-1.27093,54.9856
C336Y,-1.20697,56.1767
P337A,-0.28977,53.1142
P337C,-0.46765,57.6212
P337D,0.07514,45.7942
P337E,-0.23584,53.3353
P337F,-1.06573,57.9157
P337G,-0.46999,52.2685
P337H,-0.45764,50.5892
P337I,-0.88753,52.2506
P337K,-0.14222,49.7428
P337L,-0.85233,50.0967
P337M,-0.70646,51.6195
P337N,0.01904,51.4265
P337Q,-0.40218,52.8974
P337R,-0.08775,58.3114
P337S,-0.29774,54.5072
P337T,-0.33414,54.059
P337V,-0.59475,52.1925
P337W,-1.1505,57.1063
P337Y,-1.0895,53.5524
F338A,-1.37957,54.1868
F338C,-1.40116,49.9583
F338D,-1.3989,48.1871
F338E,-1.34142,53.5623
F338G,-1.35814,49.6537
F338H,-1.44813,59.5211
F338I,-0.8515,57.9969
F338K,-1.50872,47.8799
F338L,-0.15287,55.8655
F338M,-1.01238,51.0801
F338N,-1.41164,54.1328
F338P,-1.38221,54.6205
F338Q,-1.4957,54.8848
F338R,-1.73204,51.4479
F338S,-1.40002,50.1607
F338T,-1.41351,52.3948
F338V,-1.28677,52.413
F338W,-0.57883,53.479
F338Y,-0.95998,57.4878
D339A,0.03963,51.8892
D339C,-1.14483,54.4978
D339E,0.05998,43.2528
D339F,-0.23318,57.7983
D339G,-0.22644,54.0031
D339H,-0.06265,56.3448
D339I,-0.0514,55.9606
D339K,-0.21924,54.0499
D339L,0.0753,45.5011
D339M,0.22999,50.836
D339N,0.0634,52.4486
D339P,-0.841,52.0751
D339Q,-0.04661,55.1941
D339R,-0.2114,57.8041
D339S,-0.17235,51.5229
D339T,-0.11333,51.8276
D339V,-0.00764,47.2443
D339W,-0.45068,58.0985
D339Y,-0.10562,51.9109
E340A,-0.41033,50.3746
E340C,-1.15727,49.8515
E340D,-0.39171,54.9258
E340F,-1.32289,51.7112
E340G,-0.96655,53.455
E340H,-1.02009,46.765
E340I,-1.01057,52.8729
E340K,-0.35901,54.834
E340L,-0.81039,53.1678
E340M,-0.82601,49.2682
E340N,-0.97976,50.4782
E340P,-1.37462,47.1908
E340Q,-0.26607,56.9226
E340R,-0.81513,53.7677
E340S,-0.49657,43.8505
E340T,-0.55108,52.232
E340V,-0.78264,52.1483
E340W,-1.35302,51.9241
E340Y,-1.1962,58.528
V341A,-1.39938,55.0646
V341C,-1.34413,52.8625
V341D,-1.33728,55.0645
V341E,-1.32542,55.7208
V341F,-1.17737,56.2727
V341G,-1.40475,57.9799
V341H,-1.35635,55.9709
V341I,0.13437,50.7445
V341K,-1.43183,56.9136
V341L,-0.7436,53.302
V341M,-1.09944,52.0265
V341N,-1.40573,56.3435
V341P,-1.41999,50.2005
V341Q,-1.35823,55.6851
V341R,-1.42378,54.1434
V341S,-1.39554,53.8171
V341T,-1.29449,55.8102
V341W,-0.98508,62.3939
V341Y,-1.19907,56.4221
F342A,-1.25951,51.655
F342C,-1.29302,54.6692
F342D,-1.44476,50.8513
F342E,-1.54226,54.7949
F342G,-1.33921,55.0463
F342H,-1.47548,57.7569
F342I,-1.12635,55.4888
F342K,-1.48985,68.2368
F342L,-0.71129,50.0293
F342M,-0.28341,52.9706
F342N,-1.49256,56.5363
F342P,-1.71599,58.3709
F342Q,-1.44697,57.7525
F342R,-1.50632,65.7287
F342S,-1.38947,59.7648
F342T,-1.43802,51.1339
F342V,-1.16328,50.0146
F342W,-1.43019,53.2006
F342Y,-1.38127,50.765
N343A,-1.40051,57.3422
N343C,-1.43025,52.8687
N343D,-1.47555,52.1243
N343E,-1.29256,51.1677
N343F,-1.62002,52.0056
N343G,-0.78648,48.7892
N343H,-1.35267,55.4539
N343I,-2.0239,51.8298
N343K,-1.08321,51.0663
N343L,-1.22746,53.4261
N343M,-1.36208,53.3364
N343P,-2.1392,52.7566
N343Q,-1.28989,49.37
N343R,-1.24349,47.8966
N343S,-1.2329,49.9392
N343T,-1.23128,50.7605
N343V,-1.92797,49.3626
N343W,-2.00058,55.9088
N343Y,-1.47946,51.5569
A344C,-1.10089,56.6052
A344D,-1.0665,52.5783
A344E,-0.84265,50.8933
A344F,-1.37398,56.5292
A344G,-1.11623,57.0463
A344H,-1.14863,54.7541
A344I,-1.27349,54.2844
A344K,-0.52543,52.6008
A344L,-1.28099,55.7898
A344M,-1.10841,54.4432
A344N,-0.77069,51.3705
A344P,-1.82046,53.4597
A344Q,0.08221,53.255
A344R,-0.73657,57.0248
A344S,-0.57844,56.2489
A344T,-0.97752,58.3061
A344V,-1.09344,56.6252
A344W,-1.74135,52.4784
A344Y,-1.40629,51.4336
T345A,-0.65176,55.126
T345C,-1.55413,48.7019
T345D,-0.46231,52.4977
T345E,-0.1817,52.9747
T345F,-1.70371,49.2952
T345G,-1.17295,55.3052
T345H,-0.88002,51.5933
T345I,-1.3776,49.4047
T345K,-0.18796,52.49
T345L,-1.28119,49.1487
T345M,-1.45282,55.4465
T345N,-0.94501,46.5102
T345P,-0.07221,45.9685
T345Q,-0.59699,57.6528
T345R,-0.5519,60.0502
T345S,-0.11473,50.1745
T345V,-1.0156,55.4914
T345W,-2.08733,52.0447
T345Y,-1.5937,52.846
R346A,-0.18672,54.7751
R346C,-0.59894,53.2456
R346D,-0.11687,47.2493
R346E,0.02147,62.0739
R346F,-0.5507,56.1587
R346G,-0.7629,54.4453
R346H,0.10775,50.0474
R346I,-0.35071,54.0768
R346K,0.09573,52.4349
R346L,-0.69809,50.784
R346M,-0.45447,52.5201
R346N,0.00888,50.9221
R346P,-1.23945,52.056
R346Q,-0.02202,52.7297
R346S,-0.06443,45.7807
R346T,0.12918,49.3736
R346V,-0.01635,50.3214
R346W,-0.65031,57.1764
R346Y,-0.27365,51.7382
F347A,-1.33956,55.8688
F347C,-1.34186,51.5639
F347D,-1.23579,52.6814
F347E,-1.27375,53.9571
F347G,-1.27967,55.4979
F347H,-1.36035,53.8263
F347I,-1.32262,49.7692
F347K,-1.41983,60.3948
F347L,-1.32076,52.8011
F347M,-1.0634,50.3914
F347N,-1.0445,59.3965
F347P,-1.19173,53.0361
F347Q,-1.30273,58.573
F347R,-1.47546,59.7665
F347S,-1.24985,62.1703
F347T,-1.41207,52.8976
F347V,-1.22144,57.027
F347W,0.10285,52.4777
F347Y,-1.0847,51.5098
A348C,-1.18131,53.3621
A348D,-0.6714,60.0649
A348E,-0.44644,57.0797
A348F,-1.22082,56.8814
A348G,-0.55853,54.3647
A348H,-0.45375,49.4769
A348I,-1.44872,57.6225
A348K,-0.81174,49.5191
A348L,-1.36838,60.4612
A348M,-1.04564,52.7419
A348N,0.07166,56.6628
A348P,0.25102,54.637
A348Q,-0.57544,57.1356
A348R,-0.92737,52.8169
A348S,-0.21046,52.075
A348T,-0.97989,53.7652
A348V,-1.10292,51.7537
A348W,-1.30878,50.651
A348Y,-0.93324,52.6763
S349A,-0.80052,53.0673
S349C,-1.05472,53.5249
S349D,-0.69166,50.9555
S349E,-1.26475,52.9528
S349F,-1.54822,58.3449
S349G,-1.21222,49.8225
S349H,-0.95053,56.7888
S349I,-1.71638,53.7772
S349K,-1.48654,55.4036
S349L,-1.5432,54.1005
S349M,-1.40781,55.8365
S349N,-0.51737,56.9217
S349P,0.01616,52.7953
S349Q,-1.14972,53.5411
S349R,-1.54634,55.0233
S349T,-1.25367,50.8468
S349V,-1.55139,56.1053
S349W,-1.62907,60.7401
S349Y,-1.5676,53.0378
V350A,-1.04058,58.3175
V350C,-1.27837,49.5417
V350D,-1.26569,57.9313
V350E,-1.28401,65.9047
V350F,-1.46957,57.8298
V350G,-1.34089,53.8131
V350H,-1.38041,56.9947
V350I,-0.95177,54.8913
V350K,-1.4045,62.8576
V350L,-1.40209,57.3015
V350M,-1.39503,52.825
V350N,-1.29451,56.6433
V350P,-0.66656,46.7726
V350Q,-1.34236,56.4034
V350R,-1.4242,64.4226
V350S,-1.24666,55.0773
V350T,-1.24474,49.8619
V350W,-1.29472,56.0096
V350Y,-1.47174,62.1378
Y351A,-1.19022,55.9467
Y351C,-1.45644,58.6943
Y351D,-1.19576,52.2412
Y351E,-1.19836,53.058
Y351F,-0.30589,54.2311
Y351G,-1.22932,57.2901
Y351H,-0.29517,56.7145
Y351I,-1.31064,49.8085
Y351K,-1.36107,53.6705
Y351L,-1.32134,59.2053
Y351M,-1.10318,56.7201
Y351N,-1.22735,56.9751
Y351P,-1.23187,50.0354
Y351Q,-1.06245,57.1408
Y351R,-1.35581,51.3976
Y351S,-1.20416,56.6541
Y351T,-1.17429,58.6702
Y351V,-0.94001,53.2199
Y351W,-0.56376,57.6021
A352C,-0.73231,52.2417
A352D,-0.2526,54.321
A352E,0.06247,56.1446
A352F,-0.96252,54.86
A352G,-0.86361,53.7008
A352H,-0.50345,51.1199
A352I,-1.27715,51.5567
A352K,-0.27849,55.3091
A352L,-1.05118,55.3185
A352M,-0.40869,49.3338
A352N,-0.0425,50.9143
A352P,-1.3988,54.1349
A352Q,-0.25408,54.4765
A352R,-0.25415,55.8972
A352S,-0.22951,52.1178
A352T,-0.86514,57.4391
A352V,-1.22294,52.0641
A352W,-1.24659,52.5649
A352Y,-0.8132,60.0001
W353A,-1.23563,51.5943
W353C,-1.26834,56.5925
W353D,-1.23442,55.3495
W353E,-1.3171,55.363
W353F,-0.41173,55.1372
W353G,-1.29346,55.8904
W353H,-1.29879,57.6954
W353I,-1.46308,54.2359
W353K,-1.40388,58.1302
W353L,-1.38088,56.037
W353M,-1.2825,51.4945
W353N,-1.2332,55.8846
W353P,-1.18215,53.8038
W353Q,-1.28829,57.2427
W353R,-1.58137,60.5135
W353S,-1.22434,52.8803
W353T,-1.28959,57.806
W353V,-1.33712,58.2846
W353Y,-0.74198,53.6549
N354A,-0.51662,55.2345
N354C,-1.08799,53.7884
N354D,-0.1693,50.5831
N354E,0.11959,53.9346
N354F,-1.51169,49.3293
N354G,-0.82739,51.9155
N354H,-0.2678,56.7465
N354I,-1.2966,54.8534
N354K,0.10836,55.0134
N354L,-1.3457,56.6841
N354M,-1.07394,54.7426
N354P,-1.49827,49.6309
N354Q,0.00406,56.7578
N354R,0.13138,51.9302
N354S,-0.05844,56.6566
N354T,0.07741,54.222
N354V,-0.88165,55.771
N354W,-1.67862,54.0109
N354Y,-1.2415,57.5417
R355A,-1.40307,49.1419
R355C,-1.41484,54.758
R355D,-1.35433,54.9032
R355E,-1.29942,54.2175
R355F,-1.43666,48.9872
R355G,-1.34531,54.1222
R355H,-1.12327,56.8692
R355I,-1.48219,50.0209
R355K,-1.37782,51.2357
R355L,-1.45948,51.5527
R355M,-1.44198,54.5058
R355N,-1.38118,52.4494
R355P,-1.40136,49.5344
R355Q,-1.40896,52.4771
R355S,-1.31783,54.2471
R355T,-1.36299,49.5774
R355V,-1.54964,54.5048
R355W,-1.39305,53.0983
R355Y,-1.59184,55.0573
K356A,-0.88239,48.903
K356C,-0.96301,48.8252
K356D,-1.17344,58.8157
K356E,-1.05082,51.4143
K356F,-0.95988,50.2067
K356G,-1.47531,49.1054
K356H,-0.79108,52.1137
K356I,-0.46446,49.9319
K356L,-0.81817,51.5381
K356M,-0.46622,45.8948
K356N,-1.07678,51.1588
K356P,-1.54902,51.3724
K356Q,-0.42848,52.9962
K356R,-0.00902,51.2548
K356S,-0.87333,44.4661
K356T,0.12902,50.669
K356V,-0.09618,52.9826
K356W,-1.22762,50.0372
K356Y,-0.91602,51.5836
R357A,-0.46424,54.3005
R357C,-0.70193,51.0809
R357D,-0.47088,56.0196
R357E,-0.30464,55.84
R357F,-0.8553,52.657
R357G,-1.12828,56.2237
R357H,-0.27311,53.2258
R357I,-0.0804,46.3134
R357K,0.17023,50.7007
R357L,-0.45788,50.1251
R357M,-0.5812,47.5035
R357N,-0.06596,51.0344
R357P,-0.93194,59.1075
R357Q,-0.19125,57.243
R357S,-0.66086,54.2656
R357T,-0.10008,53.6482
R357V,0.04906,50.4507
R357W,-1.10942,56.425
R357Y,-0.57486,52.6744
I358A,-1.21677,49.3799
I358C,-1.25696,48.9067
I358D,-1.47225,54.5349
I358E,-1.55091,57.2645
I358F,0.1955,49.2365
I358G,-1.32943,51.9411
I358H,-1.50066,57.3613
I358K,-1.46154,60.1456
I358L,-0.05853,52.9567
I358M,0.15702,46.166
I358N,-1.37821,56.0778
I358P,-1.4502,60.2779
I358Q,-1.4746,59.4903
I358R,-1.66747,60.4604
I358S,-1.50607,57.8192
I358T,-1.37673,54.8465
I358V,-0.98559,52.9351
I358W,0.17491,55.1705
I358Y,0.2405,52.5383
S359A,-0.25778,58.2292
S359C,-0.63852,52.7161
S359D,-0.47494,50.901
S359E,-0.45482,49.7623
S359F,-0.69421,49.523
S359G,-0.49551,46.8625
S359H,-0.02011,49.5284
S359I,-0.87594,52.3001
S359K,-0.50958,54.0375
S359L,-1.04915,46.5193
S359M,-0.72274,49.0844
S359N,-0.21353,51.8647
S359P,-0.76886,50.2083
S359Q,-0.27885,56.5238
S359R,-0.4105,52.7019
S359T,-0.06814,51.914
S359V,-0.61875,48.5827
S359W,-1.01964,55.028
S359Y,-0.7742,50.4896
N360A,-0.92203,55.264
N360C,-1.0162,55.5934
N360D,-0.32772,56.6238
N360E,-0.76135,51.5503
N360F,-1.34551,53.1497
N360G,-0.60862,55.4196
N360H,-0.46423,52.5659
N360I,-1.58323,52.6135
N360K,-0.97283,51.4327
N360L,-1.38304,51.897
N360M,-1.4546,54.7167
N360P,-0.96182,53.0325
N360Q,-1.03095,54.0775
N360R,-0.97422,51.0757
N360S,-0.77863,54.0643
N360T,-1.3359,54.9058
N360V,-1.47215,54.1878
N360W,-1.27862,58.597
N360Y,-1.13186,54.3087
C361A,-0.9355,52.7939
C361D,-0.77446,58.2317
C361E,-0.79839,58.2882
C361F,-1.09889,53.9627
C361G,-1.07697,57.3171
C361H,-1.05008,53.6756
C361I,-1.29313,54.4971
C361K,-1.04921,54.0256
C361L,-1.12075,55.0833
C361M,-1.09093,49.8999
C361N,-0.89057,56.2869
C361P,-0.99277,53.2829
C361Q,-0.91611,48.9304
C361R,-1.05623,52.0313
C361S,-0.92267,52.5053
C361T,-0.95711,46.7028
C361V,-1.16554,58.0399
C361W,-1.28285,57.4358
C361Y,-1.21371,53.345
V362A,-0.85451,49.4619
V362C,-0.32406,51.1438
V362D,-0.78526,49.5455
V362E,-0.60781,56.6203
V362F,-0.67708,51.4768
V362G,-1.10536,50.4565
V362H,-0.3786,54.9284
V362I,-0.13614,52.6132
V362K,-0.42389,53.0373
V362L,-0.47631,51.3958
V362M,-0.48954,48.2255
V362N,-0.64745,57.4902
V362P,-1.34258,52.7162
V362Q,-0.5732,48.7527
V362R,-0.38499,59.484
V362S,-0.2962,52.3053
V362T,0.17356,52.181
V362W,-0.55999,56.9932
V362Y,-0.28855,54.3577
A363C,-0.58703,48.7855
A363D,-1.15301,51.6095
A363E,-1.14276,48.351
A363F,0.21569,40.6336
A363G,-0.83205,53.1163
A363H,-1.16685,51.5729
A363I,0.08698,55.3644
A363K,-0.99315,47.0589
A363L,-0.12088,53.324
A363M,-0.15389,50.4042
A363N,-1.1111,61.7968
A363P,-0.29257,51.4051
A363Q,-0.85519,42.5367
A363R,-1.16943,58.0657
A363S,-0.70903,56.986
A363T,-0.83273,48.8078
A363V,-0.07296,41.8354
A363W,-0.0337,41.1754
A363Y,0.20798,42.7802
D364A,-1.34995,51.4453
D364C,-1.2109,55.7691
D364E,-1.17099,52.2777
D364F,-1.306,50.5415
D364G,-1.39024,56.2226
D364H,-1.21519,54.554
D364I,-1.31405,46.8887
D364K,-1.27131,46.4133
D364L,-0.63722,47.4055
D364M,-0.96274,50.1763
D364N,-0.54504,53.0121
D364P,-1.29083,56.7468
D364Q,-1.29526,51.7309
D364R,-1.34958,57.6604
D364S,-1.0975,56.1304
D364T,-1.29788,55.4309
D364V,-1.49025,50.0722
D364W,-1.2731,53.6785
D364Y,-1.4463,50.1917
Y365A,-0.66343,45.355
Y365C,-1.04082,58.9861
Y365D,-0.9952,42.7035
Y365E,-0.92762,47.6889
Y365F,0.15232,54.5685
Y365G,-0.77194,42.9166
Y365H,-1.18506,53.2627
Y365I,0.13633,56.5521
Y365K,-1.05793,45.0133
Y365L,0.20851,51.3875
Y365M,0.10241,57.1578
Y365N,-1.04173,49.8619
Y365P,-0.72647,42.9843
Y365Q,-0.97871,52.0304
Y365R,-1.09078,55.2006
Y365S,-0.8149,57.3609
Y365T,-0.70249,47.7394
Y365V,-0.17713,46.4507
Y365W,0.26992,53.1801
S366A,-0.47409,53.9478
S366C,-1.33562,50.4097
S366D,-0.08197,50.9648
S366E,-0.35615,45.9731
S366F,-1.28064,52.5697
S366G,-0.44754,59.2797
S366H,-0.56963,48.5354
S366I,-1.32148,49.2934
S366K,-0.12911,48.2527
S366L,-1.12911,52.4448
S366M,-0.88744,52.9553
S366N,-0.0018,50.1262
S366P,-1.2525,54.501
S366Q,-0.33016,53.3313
S366R,-0.08371,51.9313
S366T,-0.1513,49.7979
S366V,-1.2886,50.3199
S366W,-1.25066,52.107
S366Y,-1.24237,53.4336
V367A,0.03227,49.9416
V367C,-0.26118,49.6715
V367D,-0.45251,46.4313
V367E,-0.32981,54.5762
V367F,0.23724,48.8599
V367G,-0.49899,44.8032
V367H,-0.28737,54.6451
V367I,-0.06394,50.3198
V367K,0.06901,47.1841
V367L,-0.03156,62.8658
V367M,0.00538,46.5801
V367N,-0.26785,54.6384
V367P,-0.98692,46.8146
V367Q,0.18121,54.5456
V367R,-0.00103,52.8894
V367S,0.03169,53.3034
V367T,0.01689,48.9898
V367W,-0.15253,54.0517
V367Y,0.18787,49.7806
L368A,-1.17399,51.1657
L368C,-1.32318,48.1036
L368D,-1.30424,48.0395
L368E,-1.35397,52.3782
L368F,-0.74409,51.9824
L368G,-1.49028,52.9255
L368H,-1.53198,46.0651
L368I,0.18646,55.8326
L368K,-1.31154,52.8977
L368M,-0.44631,62.633
L368N,-1.29941,50.8443
L368P,-1.32789,48.3358
L368Q,-1.40917,48.3756
L368R,-1.4334,57.6172
L368S,-1.39438,52.4117
L368T,-1.44747,51.0664
L368V,-0.32626,47.6934
L368W,-1.15333,50.484
L368Y,-1.43225,47.3991
Y369A,0.09683,47.3784
Y369C,-0.68746,44.5461
Y369D,0.1555,46.1257
Y369E,0.19613,43.8652
Y369F,0.16484,50.2474
Y369G,-0.1145,45.7466
Y369H,-0.003,48.3901
Y369I,-0.48209,43.16
Y369K,0.35776,51.3013
Y369L,0.0533,49.7233
Y369M,0.11373,41.8544
Y369N,0.21941,42.6063
Y369P,-0.91213,44.4892
Y369Q,0.12507,49.4151
Y369R,0.11845,51.9971
Y369S,0.08282,45.3087
Y369T,0.03193,47.2675
Y369V,-0.49731,42.1584
Y369W,0.06276,44.9449
N370A,-0.25928,45.8164
N370C,-1.08195,48.7577
N370D,-0.19157,45.9963
N370E,-0.08848,49.0014
N370F,-1.08668,49.3751
N370G,-0.61437,52.0432
N370H,-0.15621,50.8732
N370I,-1.21863,50.7516
N370K,0.15184,45.758
N370L,-0.89064,61.8009
N370M,-0.74443,43.1994
N370P,-0.71894,41.6214
N370Q,0.09208,47.91
N370R,0.0249,53.3963
N370S,-0.15061,53.2021
N370T,-0.1607,49.1501
N370V,-1.14631,43.1558
N370W,-1.03604,38.4277
N370Y,-0.92605,58.545
F371A,-0.57664,50.9439
F371C,-0.62256,47.3215
F371D,-0.85698,45.542
F371E,-0.8207,51.3239
F371G,-0.65689,44.6365
F371H,0.1083,56.2842
F371I,-0.46742,58.0536
F371K,-0.17937,52.4638
F371L,-0.06825,50.6992
F371M,0.01805,50.208
F371N,-0.26892,45.5206
F371P,-0.98272,48.6277
F371Q,-0.22287,55.0623
F371R,-0.49077,51.0142
F371S,-0.35914,54.1106
F371T,-0.53077,46.2894
F371V,-0.54568,53.7231
F371W,-0.01912,47.4063
F371Y,0.16598,53.3745
A372C,-1.3624,49.3086
A372D,-1.01217,54.3381
A372E,-0.4686,51.0517
A372F,-0.64021,56.9663
A372G,0.11909,53.7563
A372H,-0.60592,53.8193
A372I,-0.64728,50.9017
A372K,-0.19786,54.0986
A372L,-0.57857,51.7071
A372M,-0.36969,47.7679
A372N,-0.81197,45.9492
A372P,-0.98,52.3315
A372Q,-0.15979,53.8365
A372R,-0.14538,52.12
A372S,-0.68103,48.4659
A372T,-0.84577,52.6342
A372V,-0.34586,53.6213
A372W,-1.07236,50.4352
A372Y,-0.72392,54.8664
P373A,-0.84722,42.3955
P373C,-1.16398,45.9357
P373D,-0.41573,41.9001
P373E,-0.63385,42.5515
P373F,-1.04742,54.1927
P373G,-0.78809,44.689
P373H,-0.74334,53.3631
P373I,-1.3264,44.0544
P373K,-0.48209,53.0279
P373L,-1.18577,50.0503
P373M,-1.20644,43.4902
P373N,-0.59825,48.1995
P373Q,-0.80675,47.1266
P373R,-0.82137,47.106
P373S,-0.7784,47.3292
P373T,-0.94898,50.6871
P373V,-1.29931,53.9602
P373W,-1.23908,41.0583
P373Y,-0.71787,48.1568
F374A,-0.29541,48.0591
F374C,-0.89726,51.2023
F374D,-0.01559,50.94
F374E,-0.0594,48.0281
F374G,-0.04762,49.7685
F374H,-0.12761,51.7769
F374I,-0.56212,50.091
F374K,-0.09978,46.7199
F374L,-0.29415,45.6339
F374M,-0.54233,54.1997
F374N,0.04085,49.1991
F374P,-0.19889,43.9413
F374Q,-0.25128,50.247
F374R,-0.39533,45.8383
F374S,-0.23068,53.5838
F374T,-0.5039,46.8541
F374V,-0.55484,50.4671
F374W,-0.46847,49.8629
F374Y,-0.35086,47.5774
F375A,0.20236,50.9626
F375C,-0.06872,49.7852
F375D,0.29516,46.2999
F375E,0.22465,45.9666
F375G,0.25242,52.4636
F375H,0.12666,54.2422
F375I,-0.31689,51.936
F375K,0.18036,52.359
F375L,-0.23297,51.8588
F375M,-0.00048,53.8792
F375N,-0.00386,50.8029
F375P,-0.33314,40.7578
F375Q,0.1185,44.9973
F375R,0.06723,56.4509
F375S,0.09728,49.5647
F375T,0.09621,50.539
F375V,0.01505,52.8937
F375W,0.10694,46.0951
F375Y,0.13216,58.3365
A376C,-0.34259,53.6504
A376D,-0.3499,40.0115
A376E,0.12729,53.0238
A376F,-0.45079,47.6545
A376G,-0.53942,51.6993
A376H,0.23073,53.1658
A376I,0.00084,46.3728
A376K,0.1958,50.274
A376L,0.2284,50.5647
A376M,0.10172,51.7582
A376N,-0.20115,47.9067
A376P,-1.30446,48.8826
A376Q,0.18868,53.185
A376R,0.03419,53.3469
A376S,0.07915,53.8718
A376T,0.17427,49.2225
A376V,0.20453,49.0224
A376W,0.013,38.3772
A376Y,0.08873,50.7637
F377A,-0.83316,59.5678
F377C,-0.96752,58.8615
F377D,-1.52083,42.9026
F377E,-1.44388,56.8776
F377G,-1.2618,63.7245
F377H,-0.99167,56.3534
F377I,-0.36737,50.6041
F377K,-1.28463,63.0709
F377L,-0.87085,52.5885
F377M,-0.39333,52.9034
F377N,-1.45829,55.2002
F377P,-1.20165,48.6862
F377Q,-1.34607,56.0693
F377R,-1.48267,54.0465
F377S,-1.20509,59.6753
F377T,-0.79834,56.5038
F377V,-0.39563,50.3085
F377W,0.15852,55.4082
F377Y,-0.8333,50.77
K378A,-0.98338,53.6695
K378C,-1.0619,55.9145
K378D,-0.57716,51.5525
K378E,-0.50816,56.7077
K378F,-1.3213,53.18
K378G,-1.36071,58.0882
K378H,-0.62215,55.8869
K378I,-1.10939,55.0228
K378L,-1.24972,52.3183
K378M,-1.07272,56.2984
K378N,-0.0869,55.0584
K378P,-1.56257,49.9198
K378Q,-0.45253,53.3475
K378R,0.09324,55.2359
K378S,-0.78162,53.9266
K378T,-0.35272,54.9931
K378V,-1.01653,58.7013
K378W,-1.32735,52.7083
K378Y,-1.17142,55.554
C379A,-1.73626,48.5365
C379D,-1.59367,56.9001
C379E,-1.73572,55.5807
C379F,-1.48099,48.9433
C379G,-1.76254,52.4153
C379H,-1.77742,56.1297
C379I,-1.67392,51.0417
C379K,-1.9313,60.2651
C379L,-1.71686,57.604
C379M,-1.77983,55.3764
C379N,-1.77165,59.6033
C379P,-1.76531,50.0035
C379Q,-1.8321,61.175
C379R,-1.94883,65.1099
C379S,-1.8186,50.7045
C379T,-1.66304,49.3067
C379V,-1.73424,57.5153
C379W,-0.73156,53.1725
C379Y,-1.72751,52.394
Y380A,-1.50225,56.0682
Y380C,-1.45202,50.4873
Y380D,-1.43925,59.4538
Y380E,-1.39731,57.3282
Y380F,-0.61811,56.33
Y380G,-1.53961,58.1095
Y380H,-1.34515,59.9965
Y380I,-1.40128,54.4799
Y380K,-1.50521,65.4615
Y380L,-1.4974,53.752
Y380M,-1.4246,50.7361
Y380N,-1.50681,56.7273
Y380P,-1.59529,53.8951
Y380Q,-1.38222,59.9361
Y380R,-1.48487,54.7297
Y380S,-1.50791,60.5637
Y380T,-1.47376,56.926
Y380V,-1.45443,50.7998
Y380W,-0.046,49.7487
G381A,-1.29895,55.1025
G381C,-1.46766,51.7221
G381D,-1.35895,54.8911
G381E,-1.38849,56.1051
G381F,-1.53077,48.4916
G381H,-0.47102,53.9449
G381I,-1.63565,49.9902
G381K,-0.52928,55.0021
G381L,-1.51311,57.3375
G381M,-1.49076,59.6378
G381N,-0.00125,51.2761
G381P,-1.5739,53.0875
G381Q,-0.90448,59.9667
G381R,-0.36252,50.7049
G381S,-1.21285,57.924
G381T,-1.48005,57.1978
G381V,-1.53404,56.1711
G381W,-1.72237,54.5395
G381Y,-1.60354,58.1446
V382A,-1.20548,59.9014
V382C,-0.74173,56.2339
V382D,-1.35364,53.5957
V382E,-1.39599,56.5877
V382F,-0.33276,51.6016
V382G,-1.40073,57.7323
V382H,-1.32806,52.5715
V382I,-0.11675,51.2701
V382K,-1.43904,61.8615
V382L,-0.48776,51.7527
V382M,-0.78808,55.7377
V382N,-1.41325,58.387
V382P,-1.27613,53.0907
V382Q,-1.34839,54.7214
V382R,-1.54093,52.1393
V382S,-1.41063,54.5986
V382T,-0.70046,50.7724
V382W,-1.35903,49.791
V382Y,-1.16221,49.6443
S383A,-0.26535,50.5821
S383C,-0.74456,53.3914
S383D,0.22647,51.2792
S383E,0.17651,55.0514
S383F,-1.09473,54.5014
S383G,-0.84703,50.1501
S383H,-0.18802,52.9663
S383I,-0.6148,45.86
S383K,-0.09501,47.864
S383L,-0.4466,51.8693
S383M,-0.54911,45.2362
S383N,0.17724,49.7442
S383P,-0.66108,54.3637
S383Q,-0.10533,47.1068
S383R,-0.55727,50.5776
S383T,-0.20962,52.1207
S383V,-0.42235,49.0841
S383W,-1.14246,57.6043
S383Y,-0.9041,53.9083
P384A,0.04619,51.9841
P384C,-1.16499,65.8558
P384D,-0.77403,55.3401
P384E,-0.0926,54.7473
P384F,0.1348,45.8024
P384G,-0.74956,53.2374
P384H,-0.29637,51.2146
P384I,0.10859,56.5317
P384K,0.15956,52.9344
P384L,0.11712,54.9488
P384M,0.01591,53.3406
P384N,-0.766,57.6935
P384Q,-0.17899,53.3954
P384R,-0.02876,51.5687
P384S,-0.34752,50.5727
P384T,-0.55088,56.0198
P384V,-0.0601,49.0263
P384W,0.14921,50.1533
P384Y,-0.14623,47.4282
T385A,0.02155,51.1206
T385C,-0.7305,53.0033
T385D,0.12484,53.7721
T385E,0.19791,51.1956
T385F,-0.25287,51.0167
T385G,0.04061,54.3495
T385H,0.00231,52.5915
T385I,-0.57235,53.8955
T385K,-0.02924,50.8543
T385L,-0.13647,53.9817
T385M,-0.14633,45.7557
T385N,0.1159,52.5374
T385P,-0.68567,48.9968
T385Q,0.03976,55.7727
T385R,-0.19489,57.7072
T385S,0.01058,44.4568
T385V,-0.5006,51.3
T385W,-0.2318,52.076
T385Y,-0.10726,51.0285
K386A,-0.02707,51.3839
K386C,-0.89376,55.0564
K386D,0.00496,56.9403
K386E,0.08624,49.8318
K386F,-1.05747,52.1824
K386G,-0.29473,52.3187
K386H,-0.18206,51.8966
K386I,-0.76417,50.5939
K386L,-0.51587,51.157
K386M,-0.16577,54.2851
K386N,-0.12396,54.7976
K386P,-1.3451,46.9161
K386Q,0.09711,55.3858
K386R,-0.06288,52.8061
K386S,-0.1574,53.0239
K386T,-0.30307,56.8318
K386V,-0.67873,50.452
K386W,-1.42433,58.5792
K386Y,-1.02112,55.6222
L387A,-0.99782,58.4206
L387C,-1.29994,55.3666
L387D,-1.21288,52.4591
L387E,-1.1901,58.2249
L387F,-0.98868,47.8381
L387G,-1.22098,57.6392
L387H,-1.31688,47.5885
L387I,-0.73825,50.0693
L387K,-1.33345,61.9663
L387M,-0.75908,55.5123
L387N,-1.30766,56.0193
L387P,-1.34247,56.5805
L387Q,-1.33498,59.4653
L387R,-1.37563,59.9498
L387S,-1.28698,52.9545
L387T,-1.25402,58.7976
L387V,-1.11351,51.4082
L387W,-0.71694,64.5085
L387Y,-1.24731,48.8881
N388A,-0.2448,48.8543
N388C,-1.00585,50.9272
N388D,-0.27826,49.857
N388E,-0.20906,51.1372
N388F,-1.08899,43.8328
N388G,-0.27499,47.3006
N388H,-0.28842,53.0537
N388I,-0.9581,53.9805
N388K,-0.17602,52.7413
N388L,-1.12461,48.4444
N388M,-0.73469,49.6492
N388P,-0.06035,47.556
N388Q,-0.12108,52.4663
N388R,-0.42443,47.6245
N388S,-0.33712,49.0431
N388T,-0.57811,55.6247
N388V,-0.71412,48.7005
N388W,-1.06151,42.7238
N388Y,-0.96841,44.9453
D389A,-0.65163,54.8974
D389C,-1.19724,55.7201
D389E,0.19672,51.2836
D389F,-0.98352,53.4521
D389G,-0.46232,47.8296
D389H,-0.33011,52.5606
D389I,-1.32878,53.5986
D389K,-0.41636,50.2613
D389L,-1.07394,51.062
D389M,-0.87081,51.9107
D389N,-0.20339,58.0641
D389P,-1.31103,50.9357
D389Q,-0.0755,54.2093
D389R,-0.54534,52.7457
D389S,-0.06805,54.9915
D389T,-0.12436,50.2355
D389V,-1.2784,53.0572
D389W,-1.07284,58.2141
D389Y,-0.54101,54.3693
L390A,-0.59164,51.2158
L390C,-0.70538,54.505
L390D,-1.11342,56.5832
L390E,-0.74996,52.1583
L390F,-0.66295,50.8097
L390G,-0.86474,51.9444
L390H,-0.58636,53.9519
L390I,-0.47958,51.3318
L390K,-0.22399,50.4084
L390M,0.12049,61.1437
L390N,-0.84997,51.7551
L390P,-1.20262,52.9496
L390Q,-0.39754,51.4059
L390R,-0.50935,55.0983
L390S,-0.45204,50.5782
L390T,-0.29623,46.318
L390V,-0.39028,57.1564
L390W,-1.07132,54.3721
L390Y,0.17275,52.5164
C391A,-0.13549,66.8331
C391D,-0.47481,60.3136
C391E,-0.03524,55.5934
C391F,-1.02083,55.2663
C391G,-0.82623,51.851
C391H,-0.21931,60.1817
C391I,-0.52482,55.4019
C391K,0.09069,45.695
C391L,-0.72241,53.4493
C391M,-0.57418,54.4411
C391N,0.07418,56.5983
C391P,-0.48656,54.3981
C391Q,0.05343,49.4093
C391R,-0.04907,51.2038
C391S,-0.26396,52.1928
C391T,-0.32394,60.2676
C391V,-0.35717,57.303
C391W,-0.93529,56.1837
C391Y,-0.89891,53.7469
F392A,nan,58.0486
F392C,nan,54.8437
F392D,nan,53.5033
F392E,nan,54.2271
F392G,nan,60.9061
F392H,nan,50.0055
F392I,nan,52.85
F392K,nan,51.6905
F392L,nan,48.9012
F392M,nan,56.9862
F392N,nan,53.9916
F392P,nan,54.8439
F392Q,nan,54.7696
F392R,nan,54.2856
F392S,-0.883,50.3919
F392T,nan,48.1247
F392V,nan,54.2099
F392W,nan,52.4632
F392Y,nan,47.7456
T393A,-0.09117,54.5416
T393C,-0.84648,53.5299
T393D,-0.20455,53.3359
T393E,-0.19714,49.1551
T393F,-1.07359,55.3679
T393G,-0.4688,56.3549
T393H,-0.5312,50.6875
T393I,-0.79755,52.4763
T393K,-0.05462,55.4918
T393L,-0.84727,50.1463
T393M,-0.77241,53.9114
T393N,-0.16797,56.3556
T393P,-0.9681,57.9854
T393Q,-0.28967,52.349
T393R,-0.27621,54.3079
T393S,-0.1331,54.8359
T393V,-0.40058,56.9069
T393W,-1.09842,55.075
T393Y,-0.54505,56.4129
N394A,0.17561,52.5938
N394C,-0.27256,54.5322
N394D,-0.45276,56.6623
N394E,-0.21196,57.7586
N394F,-0.68331,52.9836
N394G,-0.41508,55.7183
N394H,-0.04151,53.7612
N394I,-0.77229,48.2284
N394K,-0.37504,49.8738
N394L,-0.79433,52.9791
N394M,-0.555,57.1731
N394P,-0.58819,54.3148
N394Q,-0.26592,57.0302
N394R,-0.40957,54.6528
N394S,-0.15485,56.7211
N394T,-0.00476,48.4305
N394V,-0.30523,51.5043
N394W,-0.83133,51.4812
N394Y,-0.28495,53.8474
V395A,-0.60463,56.2691
V395C,-0.45662,53.2908
V395D,-1.54204,54.726
V395E,-1.49407,57.3655
V395F,-0.72326,50.1817
V395G,-0.93559,58.2572
V395H,-1.5297,52.66
V395I,0.09399,54.8405
V395K,-1.49237,57.6161
V395L,-0.1979,47.6114
V395M,-0.03199,51.4385
V395N,-1.52729,55.1622
V395P,-1.55008,54.0451
V395Q,-1.38496,53.0268
V395R,-1.28768,57.5124
V395S,-1.28322,57.2453
V395T,-1.17359,56.5277
V395W,-1.40426,51.3067
V395Y,-1.26991,59.2211
Y396A,-1.2112,57.0227
Y396C,-0.98213,54.8154
Y396D,-1.16443,57.0151
Y396E,-1.16295,57.1914
Y396F,-0.28066,51.9301
Y396G,-1.48456,56.3
Y396H,-0.87548,54.3874
Y396I,-0.19067,57.7479
Y396K,-1.04724,56.5196
Y396L,-0.6474,57.7697
Y396M,-0.78545,56.4773
Y396N,-0.51105,58.0454
Y396P,-1.44445,56.7666
Y396Q,-0.95703,58.6577
Y396R,-1.15592,59.5187
Y396S,-0.79886,58.5065
Y396T,-0.07326,48.1776
Y396V,-0.29619,60.7222
Y396W,-0.26297,53.5103
A397C,-0.8124,54.8779
A397D,-1.48667,54.7855
A397E,-1.47249,59.6438
A397F,-0.98636,57.0791
A397G,-1.68532,52.2949
A397H,-1.54545,59.3599
A397I,-0.36454,53.3673
A397K,-1.51743,57.8709
A397L,-0.01302,48.6518
A397M,-0.07315,46.0015
A397N,-1.07426,54.5496
A397P,-1.64122,55.8413
A397Q,-1.56317,53.6069
A397R,-1.54151,56.7442
A397S,-1.42739,57.3675
A397T,-1.1965,55.1822
A397V,-0.34186,52.7823
A397W,-1.1073,55.4005
A397Y,-1.28006,58.894
D398A,-1.46351,58.4107
D398C,-1.44743,53.7501
D398E,-1.44086,47.9453
D398F,-1.56373,48.9942
D398G,-1.52406,55.0138
D398H,-1.45649,50.4239
D398I,-1.50124,53.2769
D398K,-1.56951,50.4888
D398L,-1.48538,50.3533
D398M,-1.4711,51.0515
D398N,-1.48213,54.9597
D398P,-1.7801,48.4426
D398Q,-1.41719,54.7919
D398R,-1.56253,53.663
D398S,-1.42738,59.4903
D398T,-1.46314,53.4779
D398V,-1.46141,45.598
D398W,-1.35862,49.1205
D398Y,-1.29452,56.8615
S399A,-1.16114,48.5291
S399C,-1.28096,48.6692
S399D,-1.38234,51.2729
S399E,-1.42041,56.089
S399F,-1.31758,51.6828
S399G,-1.54623,51.267
S399H,-1.43925,47.9329
S399I,-1.46499,49.4364
S399K,-1.53488,54.0475
S399L,-1.42768,52.2702
S399M,-1.18338,48.0378
S399N,-1.40239,57.488
S399P,-1.5874,45.9535
S399Q,-1.30679,52.2939
S399R,-1.41891,55.3237
S399T,-0.43326,52.1703
S399V,-1.38701,51.4422
S399W,-1.41368,43.5649
S399Y,-1.29486,50.8982
F400A,-1.4509,52.6087
F400C,-1.63455,57.8181
F400D,-1.41594,61.8579
F400E,-1.3446,59.7333
F400G,-1.44056,51.2628
F400H,-1.50237,62.2419
F400I,-1.5033,54.3026
F400K,-1.39451,59.1375
F400L,-1.47768,60.5292
F400M,-1.31541,61.3304
F400N,-1.4487,61.8217
F400P,-1.52311,55.2241
F400Q,-1.40571,60.8797
F400R,-1.47405,59.2795
F400S,-1.37336,58.5905
F400T,-1.50469,60.4715
F400V,-1.46686,60.2838
F400W,-1.49565,50.3882
F400Y,-1.45761,49.6044
V401A,-1.28165,52.4629
V401C,-1.22193,54.1641
V401D,-1.41898,58.7707
V401E,-1.40941,62.368
V401F,-1.57448,62.8238
V401G,-1.5632,52.6713
V401H,-1.59323,60.4422
V401I,-0.52757,54.3157
V401K,-1.53498,52.6778
V401L,-1.11472,56.5714
V401M,-1.37074,59.0236
V401N,-1.51287,64.7702
V401P,-1.50543,52.0008
V401Q,-1.56401,61.3136
V401R,-1.56675,76.2996
V401S,-1.48379,51.1154
V401T,-0.80985,57.2364
V401W,-1.52226,64.4757
V401Y,-1.4732,62.6657
I402A,-1.23975,58.8155
I402C,-0.83433,56.0031
I402D,-1.39187,66.6168
I402E,-1.39392,73.1567
I402F,-1.48516,61.3108
I402G,-1.53102,59.9743
I402H,-1.51414,62.4834
I402K,-1.58155,57.5255
I402L,-0.15101,58.4674
I402M,-1.28699,58.3821
I402N,-1.53383,60.475
I402P,-1.41955,56.8366
I402Q,-1.51396,59.8672
I402R,-1.6938,65.0294
I402S,-1.45194,58.8854
I402T,-1.2594,61.8995
I402V,0.10966,50.2953
I402W,-1.57928,66.5869
I402Y,-1.55451,60.5664
R403A,0.09137,55.6965
R403C,-0.90738,52.5316
R403D,-0.63233,55.621
R403E,-0.31987,54.8608
R403F,-1.1162,61.7737
R403G,-0.42359,52.2669
R403H,-1.18383,54.7463
R403I,-1.25694,59.2728
R403K,-0.1278,56.4675
R403L,-1.03759,52.0116
R403M,0.01425,55.9008
R403N,-0.20161,55.8645
R403P,-0.39198,61.706
R403Q,-0.06811,62.1647
R403S,-0.04633,57.4776
R403T,-0.56289,53.6467
R403V,-1.33641,50.9089
R403W,-1.31583,53.8726
R403Y,-1.03675,53.4471
G404A,-0.77305,50.0418
G404C,-1.21324,48.5367
G404D,-1.3012,52.7175
G404E,-0.58693,48.4594
G404F,-1.31971,43.2536
G404H,-1.11027,51.1977
G404I,-1.46193,52.7846
G404K,-0.38659,46.3327
G404L,-1.38301,47.0655
G404M,-1.04715,51.1536
G404N,-1.333,47.1586
G404P,-1.28219,46.2471
G404Q,-0.31518,55.0802
G404R,-0.46594,50.3495
G404S,-1.06121,46.8421
G404T,-1.46403,46.4968
G404V,-1.36309,57.622
G404W,-1.40828,44.1563
G404Y,-1.22349,49.0943
N405A,-0.15853,51.7845
N405C,-0.27137,51.4545
N405D,0.16001,51.6412
N405E,-0.01389,55.4504
N405F,-0.59677,54.4854
N405G,-0.58479,46.3925
N405H,-0.22748,57.3036
N405I,-0.67642,55.1989
N405K,-0.22526,53.9926
N405L,-0.77563,52.1497
N405M,-0.4707,48.1404
N405P,-1.15964,51.216
N405Q,-0.36013,50.1105
N405R,-0.52366,47.0731
N405S,-0.0779,51.1568
N405T,-0.3503,52.9108
N405V,-0.6896,55.3368
N405W,-1.08452,50.7395
N405Y,-0.58726,55.5397
E406A,-1.40665,50.7993
E406C,-1.64283,50.2056
E406D,-0.43993,59.7963
E406F,-1.66704,51.6414
E406G,-1.56329,53.0238
E406H,-0.85725,51.6712
E406I,-1.74078,56.2917
E406K,-1.49916,48.4535
E406L,-1.49649,51.3398
E406M,-1.37013,49.2858
E406N,-1.11381,51.6087
E406P,-1.47147,54.2866
E406Q,-0.22906,47.7811
E406R,-1.64952,51.6221
E406S,-1.48004,49.6843
E406T,-1.49151,53.6908
E406V,-1.56932,52.7692
E406W,-1.19862,53.4378
E406Y,-1.66279,53.6145
V407A,-1.30927,52.5454
V407C,-1.33613,53.6719
V407D,-1.42441,54.725
V407E,-1.25314,57.6875
V407F,-1.10248,51.1203
V407G,-1.39702,51.6793
V407H,-1.41006,55.976
V407I,-0.12087,55.3774
V407K,-1.28507,52.5308
V407L,0.13649,47.0021
V407M,-0.83102,56.3347
V407N,-1.36539,56.8469
V407P,-1.43642,52.1011
V407Q,-1.27864,54.3182
V407R,-1.09652,48.9962
V407S,-1.08163,54.2862
V407T,-0.93685,54.3792
V407W,-1.42584,53.0957
V407Y,-1.4191,53.8633
S408A,-0.12086,56.479
S408C,-0.82027,53.3628
S408D,0.0006,51.6987
S408E,-0.05671,52.5644
S408F,-1.09855,52.7051
S408G,-0.19994,47.4957
S408H,-0.33648,54.3072
S408I,-1.04031,51.2777
S408K,-0.17131,55.2404
S408L,-1.11858,54.0807
S408M,-0.85285,57.0811
S408N,-0.11724,57.7239
S408P,-0.15037,49.5601
S408Q,-0.34751,57.92
S408R,-0.34617,48.7783
S408T,-0.48993,58.2326
S408V,-0.63736,51.5028
S408W,-0.95893,52.4331
S408Y,-0.75734,53.0411
Q409A,-1.28025,52.7735
Q409C,-1.38961,49.0715
Q409D,-1.29518,52.3881
Q409E,-0.90794,55.1868
Q409F,-1.5226,52.0195
Q409G,-1.33341,50.8458
Q409H,-1.29363,50.0611
Q409I,-1.52707,55.35
Q409K,-1.10567,48.1404
Q409L,-1.43313,48.8638
Q409M,-1.30136,49.7035
Q409N,-1.28818,52.4836
Q409P,-1.54444,48.8627
Q409R,-1.36822,48.5443
Q409S,-1.17643,53.8696
Q409T,-1.35288,48.0877
Q409V,-1.59119,52.4688
Q409W,-1.61681,51.4404
Q409Y,-1.5039,49.9234
I410A,-1.40467,51.1431
I410C,-1.55301,51.2838
I410D,-1.33241,57.9544
I410E,-1.33951,53.507
I410F,-1.54126,48.3107
I410G,-1.42732,56.5248
I410H,-1.47656,58.2716
I410K,-1.44739,52.616
I410L,-1.07674,50.0848
I410M,-1.40209,57.3536
I410N,-1.41589,56.269
I410P,-1.4723,56.2701
I410Q,-1.41943,47.5047
I410R,-1.3937,51.6028
I410S,-1.39332,55.4
I410T,-1.36072,60.2704
I410V,-0.65677,52.3936
I410W,-1.58962,66.1523
I410Y,-1.53851,58.924
A411C,-1.49246,54.5354
A411D,-1.28908,57.7062
A411E,-0.95955,53.2661
A411F,-1.45656,55.7201
A411G,-0.83526,57.1499
A411H,-1.42626,59.3484
A411I,-1.41201,51.5639
A411K,-1.03562,55.4477
A411L,-1.36678,51.77
A411M,-1.24872,55.0459
A411N,-1.40785,52.998
A411P,-1.4251,55.9519
A411Q,-0.81402,56.0019
A411R,-0.91588,55.621
A411S,-0.9707,53.3998
A411T,-1.27463,54.9338
A411V,-1.32064,51.7648
A411W,-1.31313,53.2377
A411Y,-1.53016,62.1835
P412A,-1.46611,52.4615
P412C,-1.65823,62.4487
P412D,-1.54027,60.2666
P412E,-1.46012,54.7769
P412F,-1.70839,57.5664
P412G,-1.41369,57.058
P412H,-1.50572,59.3021
P412I,-1.53125,55.8358
P412K,-1.35729,53.5634
P412L,-1.531,56.9294
P412M,-1.58247,51.2019
P412N,-1.48671,60.4506
P412Q,-1.49604,58.8263
P412R,-1.56371,61.0441
P412S,-1.42246,58.7736
P412T,-1.38499,59.6451
P412V,-1.43436,55.5743
P412W,-1.73858,54.7377
P412Y,-1.70631,45.7657
G413A,-0.84105,50.2305
G413C,-0.7293,51.3749
G413D,-1.10136,52.0646
G413E,-1.0225,57.7686
G413F,-0.51809,53.7406
G413H,-0.31303,56.742
G413I,-1.36631,56.952
G413K,-0.10927,50.8633
G413L,-0.7111,55.5006
G413M,-0.42173,51.2203
G413N,0.06323,56.7554
G413P,-1.50803,58.2592
G413Q,-0.56194,56.6899
G413R,-0.3016,48.1866
G413S,-0.73476,55.04
G413T,-1.16132,58.5995
G413V,-1.22493,52.0065
G413W,-1.31759,56.5333
G413Y,-0.56911,55.6671
Q414A,0.16734,51.2443
Q414C,-1.00909,48.7012
Q414D,-1.35212,53.8717
Q414E,-0.5088,52.0218
Q414F,-1.37021,55.3123
Q414G,-0.08892,49.3905
Q414H,-1.02789,49.3936
Q414I,-1.05429,52.1725
Q414K,-0.19355,52.9056
Q414L,-1.3386,49.7905
Q414M,-0.07393,55.1067
Q414N,-1.16462,57.9126
Q414P,-1.43321,50.2612
Q414R,-0.55277,49.5671
Q414S,-0.08444,45.3199
Q414T,-0.30895,51.9938
Q414V,-0.55301,53.8826
Q414W,-1.3038,56.358
Q414Y,-1.37245,52.1414
T415A,-0.55523,57.508
T415C,-0.94078,58.4497
T415D,-0.9024,52.7561
T415E,-0.60651,48.1914
T415F,-1.14947,51.9268
T415G,-0.77986,55.7528
T415H,0.07076,48.5608
T415I,-0.72448,53.9442
T415K,0.00633,52.3581
T415L,-1.11864,50.8656
T415M,-0.82658,49.9696
T415N,-0.42492,50.7476
T415P,-1.17087,47.5796
T415Q,-0.30265,53.8724
T415R,0.03352,54.501
T415S,-0.07998,51.5205
T415V,-0.41712,55.9915
T415W,-1.23019,48.8841
T415Y,-1.0033,51.9997
G416A,-1.29163,56.9048
G416C,-1.54627,59.9102
G416D,-1.39927,59.7961
G416E,-1.42546,54.7352
G416F,-1.24872,59.1499
G416H,-1.43092,59.9148
G416I,-1.06337,58.13
G416K,-1.37885,50.9955
G416L,-1.17246,52.947
G416M,-1.33326,58.3637
G416N,-1.3767,61.8189
G416P,-1.39265,53.6625
G416Q,-1.40984,60.0998
G416R,-1.45349,56.136
G416S,-1.32375,55.1673
G416T,-1.31342,52.5916
G416V,-1.10385,57.0448
G416W,-1.38926,58.7817
G416Y,-1.46303,63.9605
N417A,0.18422,54.3448
N417C,-0.38357,50.2046
N417D,-0.24373,56.0843
N417E,-0.22892,54.2943
N417F,-0.02706,51.2361
N417G,-0.71931,56.6439
N417H,0.06495,52.1985
N417I,0.15692,46.1657
N417K,-0.22945,52.1875
N417L,0.04682,54.738
N417M,0.1139,49.7057
N417P,0.11382,49.8561
N417Q,-0.12341,59.5525
N417R,-0.06241,57.922
N417S,-0.16335,53.5637
N417T,0.00806,50.167
N417V,0.21774,50.6992
N417W,-0.40812,51.5116
N417Y,0.13537,54.4203
I418A,-1.33959,48.7483
I418C,-1.49961,51.1451
I418D,-1.40524,64.1121
I418E,-1.6246,65.0274
I418F,-1.45141,53.0548
I418G,-1.32783,48.0423
I418H,-1.47819,64.2324
I418K,-1.40586,54.4238
I418L,-1.26993,54.7635
I418M,-1.43656,53.1722
I418N,-1.4036,59.9565
I418P,-1.40537,54.497
I418Q,-1.36994,54.0536
I418R,-1.45361,58.449
I418S,-1.37517,48.0581
I418T,-1.31076,44.5549
I418V,-0.4217,49.6905
I418W,-1.48292,60.9696
I418Y,-1.50203,57.7223
A419C,-1.20423,59.3216
A419D,-1.35115,59.3614
A419E,-1.47561,58.1312
A419F,-1.51982,47.5988
A419G,-1.29417,49.9057
A419H,-1.34212,56.1876
A419I,-1.40939,56.1869
A419K,-1.25984,57.3134
A419L,-1.44384,54.9246
A419M,-1.38842,52.7668
A419N,-1.33251,59.3511
A419P,-0.67063,52.4304
A419Q,-1.48454,60.669
A419R,-1.43063,61.0988
A419S,-0.89449,56.045
A419T,-0.93762,57.7527
A419V,-1.10218,56.4166
A419W,-1.55198,53.4504
A419Y,-1.48171,52.3726
D420A,-0.68035,50.2012
D420C,-1.07503,53.5027
D420E,-0.63164,51.4909
D420F,-1.22467,46.5374
D420G,-1.2084,48.9958
D420H,-1.05068,50.47
D420I,-1.56218,52.3844
D420K,-0.18508,54.6426
D420L,-0.78642,46.7866
D420M,-0.73309,49.0919
D420N,-0.1783,52.9171
D420P,-1.43423,55.9826
D420Q,-0.34908,50.8229
D420R,-0.22586,54.1857
D420S,-0.50454,52.0197
D420T,-0.94407,52.1749
D420V,-1.42174,55.457
D420W,-1.21932,53.6279
D420Y,-1.10972,53.7197
Y421A,-1.00771,55.6801
Y421C,-0.96245,55.5396
Y421D,-1.3088,51.409
Y421E,-1.30865,55.2172
Y421F,-0.13479,55.2428
Y421G,-1.17579,57.6371
Y421H,-0.64259,58.3037
Y421I,-1.1,56.8133
Y421K,-1.00156,55.0561
Y421L,-0.85503,54.2377
Y421M,-0.89129,60.9214
Y421N,-0.61279,58.1317
Y421P,-1.34999,52.2645
Y421Q,-1.15836,60.7424
Y421R,-1.13832,53.9071
Y421S,-1.0891,59.3388
Y421T,-1.22318,54.7899
Y421V,-1.14808,55.0578
Y421W,-0.74433,56.5475
N422A,-1.43998,54.2807
N422C,-1.40192,45.699
N422D,-1.39972,54.4782
N422E,-1.39527,59.0409
N422F,-1.53218,54.88
N422G,-1.44495,51.4959
N422H,-1.39935,56.1637
N422I,-1.54113,50.727
N422K,-1.42091,54.6715
N422L,-1.45351,50.1912
N422M,-1.48412,54.3528
N422P,-1.32131,51.8859
N422Q,-1.44141,59.232
N422R,-1.4785,53.4805
N422S,-1.32717,54.6602
N422T,-1.55802,49.0226
N422V,-1.40436,49.6109
N422W,-1.38482,51.7717
N422Y,-1.42963,50.4899
Y423A,-1.46657,58.7917
Y423C,-1.50205,60.7741
Y423D,-1.45597,64.1941
Y423E,-1.45461,57.4446
Y423F,-1.25733,49.45
Y423G,-1.56255,58.3377
Y423H,-1.40734,60.3599
Y423I,-1.3488,55.2363
Y423K,-1.40017,59.581
Y423L,-1.35935,56.6032
Y423M,-1.47572,59.7132
Y423N,-1.53123,60.1232
Y423P,-1.46831,60.509
Y423Q,-1.53047,63.4803
Y423R,-1.41853,52.6797
Y423S,-1.42265,60.2863
Y423T,-1.52543,59.446
Y423V,-1.38267,59.9434
Y423W,-1.47523,60.4592
K424A,-1.10416,55.1937
K424C,-1.31867,53.2179
K424D,-1.54534,60.5983
K424E,-1.50277,53.2535
K424F,-1.65907,52.6928
K424G,-1.46788,58.1766
K424H,-0.85511,49.2723
K424I,-1.66946,56.993
K424L,-1.6055,49.4435
K424M,-1.4904,55.7924
K424N,-1.15454,58.9757
K424P,-1.5076,49.3272
K424Q,-1.29912,56.0523
K424R,-0.55096,52.7977
K424S,-1.03221,55.3261
K424T,-1.0136,54.4375
K424V,-1.51349,57.9076
K424W,-1.72889,55.4402
K424Y,-1.62131,54.3396
L425A,-1.53305,58.0948
L425C,-1.53675,56.4438
L425D,-1.57072,49.3553
L425E,-1.6465,62.4552
L425F,-1.54014,57.4315
L425G,-1.70172,66.1594
L425H,-1.63634,62.1908
L425I,-0.14598,49.9199
L425K,-1.52173,63.3265
L425M,-0.7637,56.3126
L425N,-1.61915,62.5862
L425P,-1.43958,51.7392
L425Q,-1.60332,57.9789
L425R,-1.65927,67.6489
L425S,-1.62931,60.895
L425T,-1.45853,58.9086
L425V,-0.2787,54.9014
L425W,-1.60879,66.9704
L425Y,-1.66769,59.4599
P426A,-0.96719,59.3323
P426C,-1.67986,53.7777
P426D,-1.26604,57.8287
P426E,-1.4721,54.5278
P426F,-1.74105,56.5346
P426G,-1.11731,57.6803
P426H,-1.47976,58.2305
P426I,-1.84063,54.7447
P426K,-1.27584,56.2933
P426L,-1.66213,56.147
P426M,-1.632,57.7421
P426N,-1.16991,59.1069
P426Q,-1.51261,56.7241
P426R,-1.61736,54.7224
P426S,-1.06422,61.8154
P426T,-1.36585,65.3387
P426V,-1.75949,52.3881
P426W,-1.76541,54.284
P426Y,-1.8661,52.9992
D427A,-0.39791,52.7025
D427C,-0.96088,54.1112
D427E,-0.24376,53.3937
D427F,-0.92886,51.6995
D427G,-0.74374,53.5516
D427H,-0.40211,51.3747
D427I,-0.42379,49.2538
D427K,-0.31444,51.0488
D427L,-0.25312,50.3275
D427M,-0.34089,51.3547
D427N,-0.25293,52.7705
D427P,-0.41831,47.2203
D427Q,-0.50512,53.7753
D427R,-0.49605,51.8689
D427S,-0.38496,48.3863
D427T,-0.44253,53.9482
D427V,-0.4318,50.7811
D427W,-0.8936,51.1437
D427Y,-0.88051,51.3448
D428A,-0.69386,54.7609
D428C,-1.1423,49.4493
D428E,-0.5613,55.0267
D428F,-1.17846,50.0445
D428G,-0.84894,50.0629
D428H,-0.42613,53.8471
D428I,-1.10059,55.5513
D428K,-0.29299,55.1635
D428L,-1.11209,56.1777
D428M,-1.04394,48.7371
D428N,0.00667,51.5545
D428P,-0.92546,52.3246
D428Q,-0.58994,51.6746
D428R,-0.51836,53.3436
D428S,-0.54121,55.9652
D428T,-0.42375,51.5783
D428V,-1.00857,50.6649
D428W,-1.13343,52.6192
D428Y,-0.99708,56.414
F429A,-1.63223,52.7443
F429C,-1.66132,51.8503
F429D,-1.82381,56.4234
F429E,-1.73157,59.8571
F429G,-1.75222,59.3258
F429H,-1.69802,57.0737
F429I,-1.55065,56.3646
F429K,-1.7615,54.0191
F429L,-1.47835,59.5899
F429M,-1.47274,49.8291
F429N,-1.73459,56.0993
F429P,-1.83038,53.2194
F429Q,-1.75048,57.0474
F429R,-1.78814,65.1516
F429S,-1.72255,59.6979
F429T,-1.6871,58.3017
F429V,-1.60644,53.8841
F429W,-0.37601,50.5108
F429Y,-1.34178,52.7002
T430A,-0.99453,51.3204
T430C,-0.08432,52.0095
T430D,-1.51206,45.8086
T430E,-1.17301,56.1415
T430F,-0.10989,52.7642
T430G,-1.545,58.182
T430H,-0.49808,53.1731
T430I,0.0936,53.7558
T430K,-0.12627,60.9638
T430L,-0.17054,49.2641
T430M,-0.0067,50.3142
T430N,-0.69435,52.7859
T430P,-1.70475,56.2772
T430Q,-0.4901,51.1455
T430R,-0.06468,55.1931
T430S,-0.87499,55.3919
T430V,0.14377,55.6296
T430W,-0.99391,51.3807
T430Y,-0.1863,52.2385
G431A,-1.63519,48.214
G431C,-1.50237,45.0392
G431D,-1.78252,50.2072
G431E,-1.69376,53.7897
G431F,-1.66026,44.9198
G431H,-1.76,44.2984
G431I,-1.54039,41.0821
G431K,-1.85357,57.7312
G431L,-1.52165,42.6635
G431M,-1.6538,43.436
G431N,-1.86265,54.1837
G431P,-1.71164,44.6953
G431Q,-1.76458,55.8617
G431R,-1.8002,49.5121
G431S,-1.79932,51.2806
G431T,-1.74184,48.33
G431V,-1.58568,37.0187
G431W,-1.58861,53.8148
G431Y,-1.75653,44.6552
C432A,-1.88067,51.9907
C432D,-1.88166,54.7823
C432E,-1.9277,56.8108
C432F,-1.53918,54.7125
C432G,-2.00426,59.7251
C432H,-1.89135,63.8108
C432I,-1.19271,56.7493
C432K,-2.02735,65.5037
C432L,-1.39228,51.0089
C432M,-1.39453,49.0573
C432N,-1.94366,58.2718
C432P,-1.95098,45.0139
C432Q,-1.85208,53.0812
C432R,-1.98483,58.6066
C432S,-1.94803,60.2206
C432T,-1.93874,57.965
C432V,-1.49606,54.4358
C432W,-1.73178,56.5731
C432Y,-1.69188,54.903
V433A,-1.73521,55.3652
V433C,-1.24747,51.387
V433D,-1.89194,58.2212
V433E,-1.77524,54.7688
V433F,-1.65304,58.4608
V433G,-1.87841,55.0219
V433H,-1.83728,56.4004
V433I,-0.80196,58.2165
V433K,-1.96153,59.2839
V433L,-1.45481,56.2791
V433M,-1.43695,51.4911
V433N,-1.95435,49.7886
V433P,-2.00854,56.0279
V433Q,-1.81638,56.5507
V433R,-1.84818,50.5708
V433S,-1.86185,52.2711
V433T,-1.48971,56.4023
V433W,-1.70641,47.2814
V433Y,-1.71989,52.3598
I434A,-1.18828,48.6252
I434C,-1.13178,48.6169
I434D,-1.8004,56.787
I434E,-1.82224,57.3991
I434F,0.26625,57.0701
I434G,-1.64706,46.7535
I434H,-1.61067,54.5077
I434K,-1.83842,63.7921
I434L,-0.40117,53.0719
I434M,-0.53185,53.5308
I434N,-1.89635,61.0887
I434P,-1.7059,45.7239
I434Q,-1.78674,62.154
I434R,-1.89471,63.3095
I434S,-1.86392,54.7799
I434T,-1.56786,51.2362
I434V,-0.53657,45.4736
I434W,-0.21645,59.536
I434Y,-0.30791,50.1592
A435C,-1.09763,49.4029
A435D,-1.6135,47.8425
A435E,-1.45012,53.9557
A435F,-1.06296,52.3393
A435G,-1.3948,50.1049
A435H,-1.05017,50.3757
A435I,-0.85229,56.2147
A435K,-1.35634,56.1938
A435L,-1.3318,55.8364
A435M,-1.01411,55.1224
A435N,-1.23856,52.1594
A435P,-1.71404,40.8085
A435Q,-1.38229,53.0432
A435R,-1.42558,51.4745
A435S,-0.22619,55.2966
A435T,-0.7284,46.2437
A435V,-0.60786,55.0759
A435W,-0.42122,47.4504
A435Y,-0.64022,56.9472
W436A,-1.50979,47.1782
W436C,-1.29177,51.5416
W436D,-1.68157,49.3038
W436E,-1.56126,56.2557
W436F,-0.2128,47.3658
W436G,-1.63346,54.2457
W436H,-1.5436,54.8105
W436I,-0.8853,48.0122
W436K,-1.42271,54.0256
W436L,-1.14767,51.0807
W436M,-0.75658,52.0614
W436N,-1.24939,52.1275
W436P,-1.59849,50.8862
W436Q,-1.37138,55.1287
W436R,-1.44653,50.5312
W436S,-1.5914,56.8295
W436T,-1.25634,60.6491
W436V,-1.12185,54.471
W436Y,-0.31225,52.6225
N437A,-0.79186,54.0093
N437C,-1.02348,51.4097
N437D,-1.17676,55.4213
N437E,-0.85708,58.449
N437F,-1.43135,54.4188
N437G,-1.07493,50.6218
N437H,-1.26584,58.6737
N437I,-1.28916,54.9159
N437K,-0.95639,57.7047
N437L,-1.36911,50.9253
N437M,-1.32637,55.032
N437P,-0.59391,46.2353
N437Q,-1.08222,53.5966
N437R,-1.03917,63.8421
N437S,-0.89329,55.1051
N437T,-1.2569,52.5122
N437V,-1.20356,54.0083
N437W,-1.36149,57.6278
N437Y,-1.31831,62.3219
S438A,-0.17608,51.6323
S438C,-1.11224,50.2638
S438D,-1.09479,49.1423
S438E,-1.05668,51.046
S438F,-1.40113,52.8093
S438G,-1.15671,48.0522
S438H,-1.31377,50.1058
S438I,-1.28012,42.4554
S438K,-1.46877,51.0911
S438L,-1.41374,48.6049
S438M,-1.2741,48.5999
S438N,-1.23434,53.5328
S438P,-1.3063,46.5012
S438Q,-1.33697,53.7686
S438R,-1.45933,49.4007
S438T,-0.62601,50.1273
S438V,-1.24625,51.7164
S438W,-1.47207,54.8613
S438Y,-1.45121,54.8128
N439A,-0.12376,53.6113
N439C,-0.72065,50.9125
N439D,-0.34664,48.6825
N439E,-0.41456,56.4144
N439F,-1.05604,48.6335
N439G,-0.78864,49.2327
N439H,-0.07114,57.4803
N439I,-1.05995,52.6606
N439K,-0.49842,51.94
N439L,-0.80724,56.4748
N439M,-0.60457,49.8888
N439P,-1.30995,57.3261
N439Q,-0.35279,51.0253
N439R,-0.74636,58.8314
N439S,-0.24993,55.1189
N439T,-0.3386,50.7326
N439V,-0.47327,54.4416
N439W,-0.93105,54.126
N439Y,-0.72215,46.9154
K440A,-0.13418,60.1673
K440C,-0.89749,56.0092
K440D,0.01413,51.3426
K440E,0.13696,57.0477
K440F,-0.77222,55.1765
K440G,-0.04544,56.4062
K440H,0.18853,41.4934
K440I,-0.61231,52.9477
K440L,-0.50504,52.5237
K440M,-0.50159,51.0517
K440N,-0.0781,51.3267
K440P,-0.5755,50.2419
K440Q,-0.128,49.7672
K440R,-0.18391,52.837
K440S,-0.14136,54.9852
K440T,-0.18029,45.8304
K440V,-0.54475,54.8548
K440W,-0.98551,48.9765
K440Y,-0.57964,51.8601
L441A,-0.06141,52.1795
L441C,-0.65837,56.0035
L441D,0.04736,53.1624
L441E,0.10734,51.3408
L441F,-0.29018,54.0311
L441G,-0.85081,52.0611
L441H,-0.07364,54.4808
L441I,-0.10842,57.2268
L441K,-0.22,56.5188
L441M,-0.05695,48.5219
L441N,-0.15907,56.8912
L441P,-0.9697,49.3223
L441Q,0.08048,50.5861
L441R,-0.30698,59.0879
L441S,-0.33245,54.8684
L441T,-0.08085,55.5975
L441V,0.05474,54.0584
L441W,-0.05755,50.9516
L441Y,-0.12028,52.47
D442A,-1.58362,56.9321
D442C,-1.71205,58.9525
D442E,-1.20979,56.4266
D442F,-1.6759,52.4628
D442G,-1.53643,59.89
D442H,-1.56968,55.3051
D442I,-1.58831,51.0591
D442K,-1.68915,55.0786
D442L,-1.59632,52.5251
D442M,-1.6786,57.1902
D442N,-1.50826,56.6039
D442P,-1.36082,53.6453
D442Q,-1.59802,60.5317
D442R,-1.73202,59.479
D442S,-1.64392,54.7839
D442T,-1.56934,53.9932
D442V,-1.60645,56.0427
D442W,-1.67737,61.3283
D442Y,-1.66578,58.0825
S443A,0.04291,52.8589
S443C,-0.79798,57.4758
S443D,-1.15266,59.1309
S443E,-1.15777,54.5555
S443F,-1.34584,53.0978
S443G,-0.31063,54.7423
S443H,-1.22249,51.3168
S443I,-1.24858,57.6001
S443K,-1.32058,59.3876
S443L,-1.21773,58.8117
S443M,-1.05817,52.4721
S443N,-0.49857,53.7025
S443P,-1.33883,43.9468
S443Q,-1.19498,56.8547
S443R,-1.34745,53.5307
S443T,-0.39059,55.0065
S443V,-1.06609,57.019
S443W,-1.33148,49.1182
S443Y,-1.26065,50.7425
K444A,0.00717,52.4409
K444C,-0.4912,46.9946
K444D,-0.06369,55.1915
K444E,0.01701,53.7715
K444F,-0.48395,57.881
K444G,-0.28705,54.0316
K444H,-0.10342,51.2236
K444I,-0.41418,50.4051
K444L,-0.38219,54.3661
K444M,-0.15293,48.5404
K444N,-0.07626,59.5549
K444P,-0.84576,55.9996
K444Q,0.04671,45.0611
K444R,-0.03867,54.3474
K444S,-0.11776,48.5708
K444T,-0.19493,51.0149
K444V,-0.14444,56.6657
K444W,-0.54006,57.1987
K444Y,-0.34318,55.7025
V445A,0.02293,49.267
V445C,-0.68841,55.5234
V445D,0.12529,53.4387
V445E,0.21538,50.7063
V445F,-0.34077,58.1643
V445G,-0.07131,50.7011
V445H,0.0476,55.2201
V445I,-0.01597,57.1722
V445K,0.04253,54.8361
V445L,-0.11271,51.0136
V445M,-0.12004,57.2925
V445N,0.02117,54.0498
V445P,0.22826,48.0401
V445Q,-0.00231,53.1377
V445R,-0.07704,53.9176
V445S,-0.00053,53.6038
V445T,0.02957,51.0522
V445W,-0.34437,53.4147
V445Y,-0.25449,55.1905
G446A,-0.22827,54.3008
G446C,-1.13331,50.9843
G446D,0.0428,51.7657
G446E,0.00746,54.5362
G446F,-0.52619,55.1567
G446H,-0.13782,57.7619
G446I,-0.72988,55.7179
G446K,-0.19039,49.8219
G446L,-0.42524,53.0287
G446M,-0.35088,52.7338
G446N,0.00331,52.4034
G446P,-0.41358,56.5145
G446Q,-0.14705,58.5507
G446R,-0.38939,53.643
G446S,-0.18428,48.4696
G446T,-0.15545,53.3486
G446V,-0.64096,47.93
G446W,-0.76334,58.5604
G446Y,-0.47572,56.2995
G447A,-0.46692,56.8304
G447C,-1.07697,56.8125
G447D,-0.3068,63.0041
G447E,-0.44694,56.9657
G447F,-0.99548,58.5507
G447H,-0.55336,49.8589
G447I,-0.98348,55.3449
G447K,-0.64813,55.2401
G447L,-0.89625,57.2297
G447M,-0.73052,57.0686
G447N,-0.3042,58.9429
G447P,-0.64659,52.9602
G447Q,-0.47709,52.8105
G447R,-0.76824,50.159
G447S,-0.47501,57.1035
G447T,-0.47232,52.59
G447V,-0.72977,56.3523
G447W,-1.08385,52.8989
G447Y,-0.82933,54.1393
N448A,-0.47747,47.8415
N448C,-1.05169,53.7131
N448D,-0.14242,53.5042
N448E,-0.08568,52.3144
N448F,-1.19786,48.9521
N448G,-0.31929,52.4635
N448H,-0.62474,52.9673
N448I,-1.23889,50.653
N448K,-0.71406,55.3034
N448L,-1.31162,50.8583
N448M,-1.00861,58.3783
N448P,-0.8586,59.4909
N448Q,-0.25246,54.9953
N448R,-0.76249,58.084
N448S,-0.09471,49.9849
N448T,-0.37898,55.6624
N448V,-1.06523,56.5646
N448W,-1.23288,54.5216
N448Y,-0.99181,53.955
Y449A,0.12441,53.3393
Y449C,-0.44533,49.6916
Y449D,0.35679,54.2654
Y449E,0.22664,47.6378
Y449F,-0.14682,57.2033
Y449G,0.1633,47.9809
Y449H,0.13667,55.7432
Y449I,-0.20389,58.334
Y449K,0.14032,49.6779
Y449L,-0.26418,55.8287
Y449M,0.01197,48.1619
Y449N,0.00917,57.3463
Y449P,0.13302,50.7756
Y449Q,0.08466,56.5588
Y449R,0.04188,49.5165
Y449S,0.02357,46.6186
Y449T,0.16564,49.8114
Y449V,-0.03063,53.0646
Y449W,-0.40208,52.5603
N450A,-0.14198,48.3623
N450C,-0.85327,52.153
N450D,0.06636,54.5711
N450E,-0.00186,55.9245
N450F,-0.76369,53.5172
N450G,-0.11094,47.5533
N450H,-0.39653,53.4431
N450I,-0.73389,47.4671
N450K,-0.08843,54.6119
N450L,-0.53457,50.9365
N450M,-0.44707,52.2872
N450P,-0.27499,50.7393
N450Q,0.03304,53.1269
N450R,-0.04414,55.719
N450S,-0.07669,46.7125
N450T,-0.18675,53.054
N450V,-0.52786,54.5023
N450W,-0.75565,53.7489
N450Y,-0.62097,50.2519
Y451A,-0.90514,45.4407
Y451C,-0.91803,51.6652
Y451D,-1.26476,59.7448
Y451E,-1.18063,57.351
Y451F,-0.1123,51.1523
Y451G,-1.35379,56.1398
Y451H,-0.17686,56.9481
Y451I,-0.53918,53.8398
Y451K,-1.02707,56.1498
Y451L,-0.02265,49.2282
Y451M,-0.51935,56.888
Y451N,-0.94139,52.274
Y451P,-1.02806,53.6762
Y451Q,-0.52402,55.6024
Y451R,-1.30168,54.9664
Y451S,-0.9744,55.7538
Y451T,-1.14022,48.4602
Y451V,-1.00725,50.4902
Y451W,-1.12112,45.5069
L452A,0.12616,55.8316
L452C,-0.08311,56.6415
L452D,-0.2351,55.0349
L452E,0.10012,54.5591
L452F,-0.02491,56.1736
L452G,0.0976,54.5969
L452H,0.16974,54.6934
L452I,-0.18475,55.0935
L452K,0.19957,52.7129
L452M,0.23581,49.1609
L452N,0.10353,56.2615
L452P,-1.50825,57.6701
L452Q,0.2467,51.6922
L452R,0.13682,56.4096
L452S,0.11174,55.8884
L452T,0.26116,50.3677
L452V,-0.05171,52.7288
L452W,-0.14086,56.5904
L452Y,0.12328,55.2249
Y453A,-0.36248,59.4124
Y453C,-0.97989,59.0065
Y453D,-1.1619,63.7614
Y453E,-0.94229,63.8641
Y453F,-0.41245,50.9236
Y453G,-1.3425,61.3571
Y453H,-0.0663,56.8087
Y453I,-1.29961,46.7896
Y453K,-0.26513,57.3983
Y453L,-1.06178,57.0089
Y453M,-0.71477,52.9166
Y453N,-1.05144,57.8908
Y453P,-1.40502,57.2484
Y453Q,-0.64013,60.1189
Y453R,0.00437,49.7312
Y453S,-0.05857,59.0864
Y453T,-1.05676,54.8896
Y453V,-0.69779,58.3625
Y453W,-0.95429,50.4725
R454A,-1.2986,51.8992
R454C,-1.31575,45.1435
R454D,-1.12685,57.0635
R454E,-1.2114,56.0702
R454F,-1.33963,47.3586
R454G,-1.29835,48.3292
R454H,-1.31169,50.9744
R454I,-1.29844,47.8266
R454K,-1.25087,44.6993
R454L,-1.253,46.4327
R454M,-1.41589,50.7527
R454N,-1.24131,50.2736
R454P,-1.36598,60.1566
R454Q,-1.27895,48.9433
R454S,-1.30398,43.2378
R454T,-1.42476,48.5123
R454V,-1.31048,52.9304
R454W,-1.39008,50.1057
R454Y,-1.38158,50.8925
L455A,0.27103,56.4767
L455C,-0.01586,55.0332
L455D,0.18646,61.4981
L455E,0.12912,57.491
L455F,-0.14772,57.1743
L455G,0.23113,60.6453
L455H,0.19004,56.961
L455I,0.04248,53.289
L455K,0.14356,54.8903
L455M,0.16892,52.5363
L455N,0.22934,57.4378
L455P,0.23719,55.1101
L455Q,0.20629,53.0678
L455R,0.23062,54.8794
L455S,0.21614,59.6578
L455T,0.18617,57.5991
L455V,0.21255,53.2307
L455W,-0.05221,55.7226
L455Y,0.04189,49.315
F456A,0.16906,50.5197
F456C,-0.03369,51.9974
F456D,-0.04565,57.0805
F456E,0.05552,52.5967
F456G,0.11428,50.7308
F456H,0.22468,52.8087
F456I,-0.25941,51.9222
F456K,0.13458,55.0138
F456L,-0.4101,51.6322
F456M,0.02682,45.322
F456N,0.17036,54.9513
F456P,-0.80138,52.062
F456Q,0.10109,56.8903
F456R,0.02409,50.6793
F456S,0.14233,57.0349
F456T,0.06277,53.9155
F456V,-0.00833,51.751
F456W,0.12032,57.6927
F456Y,0.28663,52.2684
R457A,-0.94286,58.4714
R457C,-1.19291,56.224
R457D,-1.17316,50.0863
R457E,-1.24129,55.0132
R457F,-1.40316,52.9783
R457G,-1.04925,54.5195
R457H,-1.17216,52.8075
R457I,-1.39917,56.0004
R457K,-0.87322,54.6686
R457L,-1.35708,54.2803
R457M,-1.29948,55.6567
R457N,-1.08089,53.7603
R457P,-1.31541,52.0854
R457Q,-1.25599,59.9762
R457S,-1.04678,50.9238
R457T,-1.31129,56.0911
R457V,-1.40468,59.3873
R457W,-1.42709,54.8323
R457Y,-1.38125,52.2187
K458A,-0.19025,52.4955
K458C,-0.72825,49.6414
K458D,-0.20108,54.7825
K458E,-0.08439,53.2661
K458F,-0.78913,50.295
K458G,-0.22514,51.9287
K458H,-0.05047,51.2787
K458I,-0.78586,56.789
K458L,-0.84736,53.8999
K458M,-0.64288,54.868
K458N,-0.0919,56.7357
K458P,-0.08037,42.3536
K458Q,-0.12757,55.1308
K458R,-0.16626,54.6474
K458S,-0.02522,50.3246
K458T,-0.09046,61.2049
K458V,-0.65231,56.3023
K458W,-0.85747,54.5111
K458Y,-0.65821,51.6234
S459A,-0.08484,56.4731
S459C,-0.50527,54.9465
S459D,0.02902,52.8872
S459E,0.17674,53.1798
S459F,-0.66222,52.6577
S459G,-0.23407,55.0409
S459H,-0.12148,57.6208
S459I,-0.59813,56.9484
S459K,-0.05383,56.925
S459L,-1.05208,50.7884
S459M,-0.71834,55.9264
S459N,0.0154,52.631
S459P,-0.48804,54.5329
S459Q,-0.0043,52.1171
S459R,0.02243,57.2047
S459T,0.10181,44.6908
S459V,-0.19463,56.6839
S459W,-0.75458,60.5404
S459Y,-0.60946,61.2907
N460A,-0.00928,48.9161
N460C,-0.35004,47.9832
N460D,-0.36945,50.1093
N460E,-0.17522,56.9732
N460F,-0.60775,53.9726
N460G,-0.56624,49.9026
N460H,0.03797,47.5894
N460I,-0.02524,49.0096
N460K,0.29696,52.9743
N460L,-0.25873,48.2363
N460M,-0.35843,50.0259
N460P,0.18259,47.934
N460Q,-0.02328,50.3401
N460R,0.09041,55.3382
N460S,-0.03346,57.2478
N460T,-0.01865,57.1066
N460V,0.02428,49.1175
N460W,-0.98367,51.8816
N460Y,-0.32511,49.2849
L461A,-1.36004,52.3532
L461C,-1.26413,58.3533
L461D,-1.33853,63.6893
L461E,-1.2363,57.8194
L461F,-1.34152,53.4887
L461G,-1.3566,57.1895
L461H,-1.38685,54.0712
L461I,-0.01791,57.1335
L461K,-1.40598,53.0282
L461M,-0.667,54.8449
L461N,-1.33564,57.8755
L461P,-1.41429,58.1053
L461Q,-1.38036,52.3711
L461R,-1.47615,60.3875
L461S,-1.37785,57.2197
L461T,-1.30952,60.4623
L461V,-0.40948,58.0911
L461W,-1.49007,64.3
L461Y,-1.4198,58.2019
K462A,-0.24339,51.9218
K462C,-0.84809,51.2602
K462D,-0.54949,51.054
K462E,-0.21297,55.9744
K462F,-0.76864,59.86
K462G,-0.49967,52.5907
K462H,-0.41489,51.6048
K462I,-0.72099,52.2187
K462L,-0.38413,54.1725
K462M,-0.38703,56.317
K462N,-0.40093,55.8542
K462P,-0.94,57.579
K462Q,-0.17526,48.9155
K462R,-0.17334,54.7342
K462S,-0.35405,56.4518
K462T,-0.50355,54.3034
K462V,-0.58961,56.6717
K462W,-0.99891,46.048
K462Y,-0.74327,53.1198
P463A,-0.59027,56.6074
P463C,-1.21861,57.3978
P463D,-1.02312,58.8244
P463E,-1.01854,59.9272
P463F,-1.24739,54.3992
P463G,-0.79631,53.3388
P463H,-1.19831,55.3092
P463I,-1.41818,55.4157
P463K,-1.26118,56.659
P463L,-1.46421,55.042
P463M,-1.4423,53.4152
P463N,-1.18701,55.0578
P463Q,-1.23858,56.1297
P463R,-1.46086,59.7948
P463S,-0.86082,56.207
P463T,-1.22446,53.1347
P463V,-1.21346,43.4552
P463W,-1.39237,58.5675
P463Y,-1.28094,61.2642
F464A,-0.72551,57.5915
F464C,-0.80723,57.1107
F464D,-0.85855,58.4399
F464E,-0.79154,62.556
F464G,-0.01199,56.1926
F464H,-0.38728,58.446
F464I,-1.23087,57.6173
F464K,-1.03536,57.8616
F464L,-0.7575,53.0788
F464M,-0.58598,50.6469
F464N,-0.48782,55.1293
F464P,-1.30235,63.388
F464Q,-0.55495,53.6669
F464R,-0.89275,59.5304
F464S,-0.73011,54.101
F464T,-0.9502,55.8767
F464V,-1.1583,57.6539
F464W,-0.69432,52.522
F464Y,0.09222,57.5606
E465A,-0.87835,57.6948
E465C,-1.2201,58.0331
E465D,-0.68111,56.9128
E465F,-1.32248,57.6888
E465G,-0.72379,51.6724
E465H,-0.90644,58.1659
E465I,-1.30271,53.21
E465K,-1.175,56.7387
E465L,-1.38837,56.2626
E465M,-1.02342,53.982
E465N,-1.14688,52.5271
E465P,-1.46185,61.1824
E465Q,-0.31045,53.5648
E465R,-1.23262,58.5114
E465S,-0.89529,54.2513
E465T,-0.93417,53.3807
E465V,-1.1545,61.3494
E465W,-1.24727,51.4431
E465Y,-1.22258,58.5126
R466A,-1.05139,49.2443
R466C,-1.01807,50.088
R466D,-1.27518,47.9993
R466E,-1.28686,48.1453
R466F,-1.36438,55.7298
R466G,-1.31844,49.2416
R466H,-0.83745,49.5527
R466I,-1.07468,52.9474
R466K,-0.25863,57.4781
R466L,-1.02279,51.3127
R466M,-0.96277,49.3857
R466N,-1.18666,50.3394
R466P,-1.43873,46.4003
R466Q,-0.48085,47.5942
R466S,-1.02986,52.0438
R466T,-1.09922,51.973
R466V,-1.08947,54.4706
R466W,-1.25584,55.1395
R466Y,-1.3166,52.3312
D467A,-1.35097,58.3441
D467C,-1.40072,55.7206
D467E,-1.27853,57.2327
D467F,-1.5329,55.7554
D467G,-1.54272,60.3817
D467H,-1.52969,61.2656
D467I,-1.56309,55.9722
D467K,-1.46634,57.4167
D467L,-1.59586,57.6318
D467M,-1.59514,58.0919
D467N,-1.06099,57.1592
D467P,-1.37647,56.4884
D467Q,-1.4302,58.9994
D467R,-1.60079,56.9803
D467S,-1.4076,58.3857
D467T,-1.45434,54.4152
D467V,-1.57374,55.5669
D467W,-1.71308,55.4322
D467Y,-1.66173,53.2066
I468A,-0.10342,48.5077
I468C,-0.15317,56.9629
I468D,-0.01122,51.1197
I468E,0.05537,47.4568
I468F,-0.74124,51.5436
I468G,-0.58631,60.6776
I468H,-0.51032,58.5438
I468K,-0.23801,57.2865
I468L,-0.04537,50.6098
I468M,-0.01682,54.1558
I468N,0.15048,54.3997
I468P,-0.34958,48.0832
I468Q,-0.22328,56.0811
I468R,-0.45567,55.7696
I468S,-0.16442,46.8314
I468T,0.04773,47.8141
I468V,0.14814,54.1248
I468W,-0.90592,56.9708
I468Y,-0.66357,50.263
S469A,-0.53892,53.5823
S469C,-0.83892,52.3015
S469D,-0.28937,49.0058
S469E,-0.36975,46.6621
S469F,-1.37735,51.922
S469G,-0.11909,48.2227
S469H,-0.63222,44.7751
S469I,-1.28508,55.0214
S469K,-0.45208,47.9322
S469L,-1.22289,54.3633
S469M,-1.03318,46.4887
S469N,-0.21235,53.0968
S469P,-1.38874,55.1239
S469Q,-0.47891,47.2652
S469R,-0.47965,51.9851
S469T,-0.04031,48.9644
S469V,-1.08188,46.2338
S469W,-1.46634,47.6829
S469Y,-1.29329,51.9082
T470A,-0.20378,52.6235
T470C,-0.51417,50.8921
T470D,-0.14505,50.1423
T470E,-0.08429,49.7979
T470F,-0.71835,48.1367
T470G,-0.18026,55.6335
T470H,-0.17155,50.3801
T470I,-0.75706,55.3962
T470K,-0.19357,51.3943
T470L,-0.48178,51.0107
T470M,-0.33019,51.0236
T470N,-0.09237,53.832
T470P,-0.55078,45.7534
T470Q,-0.38464,55.4054
T470R,-0.15259,54.681
T470S,-0.11024,52.3861
T470V,-0.49308,51.1995
T470W,-0.7638,50.0129
T470Y,-0.57944,53.3297
E471A,-0.26397,47.1519
E471C,-0.67084,53.1082
E471D,0.07856,50.6561
E471F,-0.75379,54.2505
E471G,-0.12958,56.0615
E471H,-0.22705,53.63
E471I,-0.78108,44.1829
E471K,-0.27182,52.8482
E471L,-0.72111,48.4875
E471M,-0.59265,48.0291
E471N,-0.0368,40.6395
E471P,-0.51469,45.183
E471Q,-0.14336,56.8142
E471R,-0.42814,47.6815
E471S,-0.20543,48.0514
E471T,-0.14749,51.8115
E471V,-0.55231,54.1731
E471W,-1.07311,54.2282
E471Y,-0.8265,50.9881
I472A,-0.47267,56.5093
I472C,-0.59335,51.5837
I472D,-0.74177,59.538
I472E,-0.77341,60.8898
I472F,-0.36524,53.0752
I472G,-0.68949,54.1516
I472H,-0.46971,58.4751
I472K,-0.82733,58.7031
I472L,0.01103,50.983
I472M,0.02994,54.3204
I472N,-0.62321,56.3383
I472P,-0.06716,54.4949
I472Q,-0.58708,55.8098
I472R,-0.84819,56.4748
I472S,-0.64418,53.5189
I472T,-0.39312,56.142
I472V,-0.03716,51.2567
I472W,-0.43813,52.4918
I472Y,-0.23725,52.8227
Y473A,-0.53647,48.0732
Y473C,-0.81186,56.0682
Y473D,-0.14494,58.5977
Y473E,-0.02896,57.2408
Y473F,0.02748,49.8474
Y473G,-0.72409,54.1851
Y473H,-0.05934,52.5963
Y473I,-0.16366,54.8478
Y473K,-0.74039,49.927
Y473L,-0.27752,52.3557
Y473M,-0.30852,52.0775
Y473N,-0.65743,55.7965
Y473P,-0.8474,59.1563
Y473Q,-0.35084,59.7266
Y473R,-0.81588,53.1712
Y473S,-0.68155,57.2054
Y473T,-0.43543,54.0613
Y473V,-0.21087,55.5323
Y473W,-0.18902,53.7611
Q474A,-0.12547,54.9708
Q474C,-0.99977,56.6439
Q474D,-0.35016,51.1083
Q474E,-0.05948,54.4673
Q474F,-1.12718,52.1513
Q474G,-0.48113,57.4316
Q474H,-0.56669,55.0728
Q474I,-1.01417,51.0588
Q474K,-0.34398,52.4704
Q474L,-1.06673,57.8754
Q474M,-0.51279,60.1646
Q474N,-0.19456,50.8019
Q474P,-0.22744,51.1437
Q474R,-0.32544,53.8458
Q474S,-0.2059,54.4186
Q474T,-0.33722,56.6987
Q474V,-0.71372,54.6508
Q474W,-1.07517,49.2246
Q474Y,-1.07555,50.7585
A475C,-0.42784,53.3754
A475D,-0.23751,55.3011
A475E,-0.07475,50.3525
A475F,-0.20676,45.5992
A475G,-0.07433,54.5328
A475H,-0.07698,54.8795
A475I,-0.26832,51.397
A475K,-0.08158,50.1555
A475L,-0.36324,50.4155
A475M,-0.14645,52.6006
A475N,-0.04901,54.6277
A475P,-0.6918,42.5762
A475Q,-0.05992,55.8443
A475R,-0.23451,53.8993
A475S,-0.09404,55.2173
A475T,-0.15977,54.828
A475V,-0.0668,49.1311
A475W,-0.3461,50.451
A475Y,-0.17065,52.5635
G476A,-0.33747,61.9941
G476C,-0.94885,57.7256
G476D,-0.22997,47.3706
G476E,-0.45441,58.7208
G476F,-1.01541,57.5236
G476H,-0.56488,56.9267
G476I,-1.07565,58.0174
G476K,-0.67178,53.5913
G476L,-1.08938,50.2327
G476M,-1.05566,59.4075
G476N,-0.57877,55.2956
G476P,-0.88026,53.8444
G476Q,-0.65199,52.9389
G476R,-0.80606,54.9174
G476S,-0.15398,53.1662
G476T,-0.35052,56.0563
G476V,-1.01702,54.9274
G476W,-0.97666,51.5021
G476Y,-0.96265,52.0145
N477A,-0.03471,50.369
N477C,-0.39609,51.2504
N477D,0.09814,49.5583
N477E,0.10588,47.5855
N477F,-0.26976,52.0383
N477G,-0.06601,51.2007
N477H,-0.01596,53.236
N477I,-0.25227,52.3684
N477K,-0.00445,56.5128
N477L,-0.28501,53.7067
N477M,-0.18324,49.552
N477P,0.00947,55.3722
N477Q,0.01711,55.271
N477R,-0.13246,48.6776
N477S,0.00068,52.4004
N477T,0.14119,48.4345
N477V,-0.15102,50.9235
N477W,-0.45439,47.3433
N477Y,-0.25656,52.5066
K478A,-0.10217,57.1086
K478C,-0.54055,58.6721
K478D,-0.14422,53.6175
K478E,0.09931,53.6023
K478F,-0.33063,57.6659
K478G,-0.23296,55.33
K478H,-0.13286,55.073
K478I,-0.14049,55.7485
K478L,-0.24282,53.4191
K478M,-0.18638,54.6147
K478N,-0.1232,53.8594
K478P,-0.49804,53.863
K478Q,-0.04408,56.134
K478R,-0.04781,55.1495
K478S,-0.15358,57.4905
K478T,-0.02197,56.1084
K478V,-0.05463,55.2601
K478W,-0.3523,52.1987
K478Y,-0.18003,57.879
P479A,-0.06788,54.9628
P479C,-0.44873,50.3258
P479D,0.04283,52.9485
P479E,0.0378,57.357
P479F,-0.41083,46.6968
P479G,-0.16534,58.7997
P479H,-0.15564,52.4176
P479I,-0.28647,52.6658
P479K,-0.02461,53.0176
P479L,-0.39428,52.7745
P479M,-0.37624,49.0944
P479N,-0.13114,56.1303
P479Q,-0.04724,50.5797
P479R,-0.17061,52.4518
P479S,0.15434,61.1047
P479T,0.07864,56.4987
P479V,-0.18917,51.6055
P479W,-0.6105,47.6676
P479Y,-0.52494,53.4648
C480A,-0.9776,51.4074
C480D,-1.03681,59.2236
C480E,-0.96895,59.6481
C480F,-1.12294,55.5593
C480G,-1.07127,58.5978
C480H,-1.02416,56.0913
C480I,-1.11487,56.8908
C480K,-1.00607,56.3677
C480L,-1.0971,58.6665
C480M,-1.10359,58.5262
C480N,-1.0465,56.1555
C480P,-1.03204,59.2212
C480Q,-1.04192,57.3298
C480R,-1.17064,65.0892
C480S,-1.0066,57.3705
C480T,-0.96228,53.8805
C480V,-1.01063,58.5495
C480W,-1.38884,53.2009
C480Y,-1.12266,59.108
N481A,-0.12007,57.4125
N481C,-0.62135,53.4013
N481D,0.03612,53.4183
N481E,-0.10995,53.8012
N481F,-0.32937,55.6175
N481G,-0.05954,52.1675
N481H,-0.13368,52.8768
N481I,-0.64117,48.7893
N481K,0.02593,53.4507
N481L,-0.22396,47.7391
N481M,-0.21754,55.2853
N481P,-0.2977,47.7184
N481Q,-0.04043,58.2118
N481R,-0.11984,53.1246
N481S,-0.03683,53.5012
N481T,-0.02676,54.1162
N481V,-0.33747,51.1265
N481W,-0.47398,55.5244
N481Y,-0.33546,53.146
G482A,-0.30728,53.5175
G482C,-0.83211,50.9558
G482D,-0.01604,52.775
G482E,-0.15886,55.1242
G482F,-0.81056,62.2097
G482H,-0.35826,54.7228
G482I,-0.92754,54.6113
G482K,-0.26613,50.1404
G482L,-0.67715,50.4353
G482M,-0.56839,54.4713
G482N,-0.0483,52.8652
G482P,-0.61138,54.4283
G482Q,-0.13461,55.9459
G482R,-0.28027,52.946
G482S,-0.21599,53.1618
G482T,-0.4344,51.7105
G482V,-0.8224,53.247
G482W,-0.98541,54.344
G482Y,-0.73851,47.2774
V483A,0.03501,51.7025
V483C,-0.2841,51.0055
V483D,-0.02734,54.0873
V483E,0.04119,46.7756
V483F,-0.28011,50.1998
V483G,-0.01102,55.8181
V483H,0.00022,51.1312
V483I,-0.10383,54.2365
V483K,0.14157,56.2072
V483L,-0.1134,55.6496
V483M,-0.01425,57.8458
V483N,0.01902,50.4212
V483P,-0.45591,51.1546
V483Q,0.03062,51.6383
V483R,0.12661,56.4794
V483S,0.13281,54.8412
V483T,0.08964,54.429
V483W,-0.55321,49.4823
V483Y,-0.29403,49.907
A484C,-0.41841,48.9795
A484D,0.13014,55.9412
A484E,0.09453,54.107
A484F,-0.29359,53.5491
A484G,-0.06479,45.8598
A484H,-0.15356,53.5515
A484I,-0.26176,47.4041
A484K,0.11014,45.8204
A484L,-0.0504,53.6997
A484M,-0.05872,56.555
A484N,0.00031,50.957
A484P,0.0542,54.5569
A484Q,0.0596,53.5065
A484R,-0.00359,51.2809
A484S,0.14373,48.6488
A484T,0.03836,54.0646
A484V,-0.23295,45.5561
A484W,-0.66142,56.3479
A484Y,-0.45895,53.1692
G485A,-0.2918,55.2025
G485C,-0.74565,47.715
G485D,-0.0737,51.954
G485E,-0.2353,50.8106
G485F,-1.01152,50.0085
G485H,-0.65549,56.7199
G485I,-1.07119,48.4662
G485K,-0.2789,49.4636
G485L,-0.85843,53.5411
G485M,-0.63214,48.5919
G485N,-0.13544,49.8789
G485P,-0.45173,51.8871
G485Q,-0.43145,59.8708
G485R,-0.54865,51.5061
G485S,-0.18031,55.1916
G485T,-0.34935,60.4263
G485V,-0.93139,52.0767
G485W,-0.9018,51.9342
G485Y,-1.00931,55.5316
F486A,0.17934,54.9682
F486C,-0.25297,57.7729
F486D,0.27434,45.6404
F486E,0.1216,52.9961
F486G,0.15538,56.8864
F486H,0.07942,50.2717
F486I,-0.0095,52.1257
F486K,0.19061,52.0342
F486L,-0.02071,51.9957
F486M,0.09653,48.1531
F486N,0.02967,52.5989
F486P,0.19663,54.9528
F486Q,0.23411,55.8528
F486R,0.21223,52.5137
F486S,0.17672,51.4404
F486T,0.21302,50.2818
F486V,0.01889,54.0051
F486W,-0.09636,50.0072
F486Y,0.04734,52.5159
N487A,-0.27772,53.4242
N487C,-0.66186,54.0302
N487D,0.14952,52.6728
N487E,0.0548,56.4879
N487F,-0.69509,51.2029
N487G,0.03069,50.7289
N487H,-0.26985,56.324
N487I,-1.1523,51.5323
N487K,-0.14586,44.6346
N487L,-0.5586,49.1776
N487M,-0.35336,45.2459
N487P,-0.80535,51.5782
N487Q,-0.15291,55.7075
N487R,-0.34028,48.853
N487S,-0.14411,56.6402
N487T,-0.47141,53.0634
N487V,-1.09802,52.6364
N487W,-0.76551,56.3252
N487Y,-0.71653,53.5862
C488A,-1.00831,48.2508
C488D,-0.93606,61.4695
C488E,-0.89086,54.4398
C488F,-1.21476,52.7368
C488G,-0.97001,58.4076
C488H,-1.04796,56.7642
C488I,-1.27487,51.5402
C488K,-0.95018,56.0851
C488L,-1.22689,53.9567
C488M,-1.22183,53.048
C488N,-0.91656,55.5414
C488P,-1.03199,56.6297
C488Q,-0.97745,55.1695
C488R,-0.95926,55.7916
C488S,-0.97454,58.3069
C488T,-1.01729,48.946
C488V,-1.20222,57.5757
C488W,-1.09556,55.5299
C488Y,-1.16323,62.932
Y489A,-0.21377,47.8244
Y489C,-0.12497,48.2202
Y489D,-0.13009,51.4368
Y489E,0.24574,55.4751
Y489F,-0.0183,45.5087
Y489G,-0.2533,52.8465
Y489H,0.14397,55.0912
Y489I,-0.18974,50.792
Y489K,0.08514,47.1708
Y489L,-0.10723,51.5368
Y489M,-0.07249,50.5509
Y489N,0.01272,58.3202
Y489P,-0.22775,53.2305
Y489Q,-0.04018,53.8039
Y489R,-0.0784,52.5529
Y489S,0.00836,50.6523
Y489T,0.09878,49.2161
Y489V,-0.11732,50.9415
Y489W,-0.13778,53.5182
F490A,0.12622,53.0378
F490C,-0.25569,58.3112
F490D,0.01128,52.6447
F490E,0.13702,57.764
F490G,-0.28358,59.6733
F490H,0.20442,60.3784
F490I,-0.1291,49.1924
F490K,0.16136,47.1769
F490L,-0.13385,52.8783
F490M,0.08306,50.8053
F490N,0.111,47.1969
F490P,0.06868,52.9285
F490Q,0.10143,50.0255
F490R,0.26653,51.1526
F490S,0.14428,50.7876
F490T,0.09391,48.5093
F490V,-0.06022,53.5012
F490W,-0.01556,47.1211
F490Y,0.0125,55.6886
P491A,-0.8763,51.9009
P491C,-1.17013,51.5882
P491D,-1.04814,55.6773
P491E,-1.21787,55.0003
P491F,-1.43308,60.4838
P491G,-1.07063,56.4892
P491H,-1.40922,55.742
P491I,-1.42234,53.9398
P491K,-1.42592,55.8856
P491L,-1.35157,52.2839
P491M,-1.30733,55.265
P491N,-0.87009,56.2279
P491Q,-1.0664,63.4129
P491R,-1.44818,53.9059
P491S,-0.74238,56.5625
P491T,-0.83993,53.7476
P491V,-1.31395,53.9982
P491W,-1.45663,57.9653
P491Y,-1.45855,55.631
L492A,-1.35106,49.8251
L492C,-1.28962,49.3522
L492D,-1.28645,52.6733
L492E,-1.27638,42.9419
L492F,-0.33797,58.6445
L492G,-1.51576,57.8155
L492H,-1.29829,52.9798
L492I,-0.1823,50.888
L492K,-1.39435,56.2441
L492M,-0.60217,57.555
L492N,-1.30156,46.5189
L492P,-1.29853,51.9777
L492Q,-1.3283,55.4458
L492R,-1.38032,58.6366
L492S,-1.3584,54.1671
L492T,-1.16619,47.2429
L492V,-0.64185,57.0751
L492W,-1.43318,51.9719
L492Y,-1.36773,57.105
R493A,-0.03435,57.7471
R493C,-0.47219,55.4124
R493D,-0.233,52.241
R493E,-0.03106,50.4456
R493F,-0.69232,51.6114
R493G,-0.13446,54.1764
R493H,-0.16227,54.6505
R493I,-0.4491,57.4859
R493K,0.03359,45.6097
R493L,-0.57012,51.2995
R493M,-0.26684,48.1595
R493N,-0.30911,51.8282
R493P,-1.2842,58.7269
R493Q,0.0433,55.9122
R493S,-0.13739,55.8518
R493T,-0.12916,50.909
R493V,-0.17523,55.349
R493W,-0.91323,50.8383
R493Y,-0.47789,51.3035
S494A,-0.16272,51.3865
S494C,-0.90633,52.3183
S494D,-0.68104,53.0516
S494E,-0.30345,54.4593
S494F,-0.86985,53.3811
S494G,-0.08924,56.892
S494H,-0.27349,47.7882
S494I,-1.12588,54.6292
S494K,-0.26419,50.1073
S494L,-1.14887,54.0048
S494M,-0.83848,51.6976
S494N,-0.10882,46.9584
S494P,-0.14863,56.4276
S494Q,-0.37907,53.089
S494R,-0.37855,53.9314
S494T,-0.14783,53.0282
S494V,-0.89138,53.1347
S494W,-0.99821,51.6735
S494Y,-0.71777,48.0996
Y495A,-1.22207,62.8329
Y495C,-1.39426,57.5908
Y495D,-1.1672,59.2093
Y495E,-1.10839,65.0083
Y495F,-1.13744,58.7517
Y495G,-1.22261,54.9018
Y495H,-1.0429,59.0524
Y495I,-1.33463,56.593
Y495K,-1.24616,55.7437
Y495L,-1.27747,57.8231
Y495M,-1.19783,53.6294
Y495N,-1.18894,60.3066
Y495P,-1.15706,52.867
Y495Q,-1.22081,56.358
Y495R,-1.28553,57.6678
Y495S,-1.22547,56.4375
Y495T,-1.17879,56.2795
Y495V,-1.37174,53.041
Y495W,-1.3075,58.4348
G496A,-0.06964,53.2789
G496C,-0.47707,51.5785
G496D,0.06153,58.9168
G496E,0.10362,54.2637
G496F,-0.88857,59.9338
G496H,-0.13515,55.0134
G496I,-0.57158,55.8046
G496K,0.07015,57.4926
G496L,-0.74701,56.7626
G496M,-0.49499,50.6439
G496N,0.04708,55.9236
G496P,-1.0424,56.002
G496Q,-0.08302,59.653
G496R,-0.14539,56.5602
G496S,-0.13478,59.4112
G496T,-0.07881,53.0814
G496V,-0.34703,55.9889
G496W,-0.94385,54.3661
G496Y,-0.72275,55.7541
F497A,-1.18199,58.1872
F497C,-1.39955,58.7611
F497D,-1.12549,65.0603
F497E,-1.14047,58.1672
F497G,-1.26228,63.3925
F497H,-1.23591,58.8051
F497I,-1.24826,53.1822
F497K,-1.3329,54.7198
F497L,-1.29842,54.1614
F497M,-1.38149,51.8682
F497N,-1.17671,61.5051
F497P,-1.09786,60.1182
F497Q,-1.24573,57.6659
F497R,-1.32421,69.9435
F497S,-1.19809,57.6096
F497T,-1.12019,60.3615
F497V,-1.34029,51.1326
F497W,-1.22394,60.3491
F497Y,-1.14415,53.14
R498A,-0.00803,54.6713
R498C,-0.69626,49.8808
R498D,0.26506,52.7539
R498E,0.09978,60.9993
R498F,-0.39711,56.3637
R498G,-0.64015,55.8367
R498H,0.00097,54.2257
R498I,-0.46772,54.2645
R498K,0.08986,58.2799
R498L,-0.33915,54.3384
R498M,-0.19404,52.9273
R498N,0.08406,56.9226
R498P,-1.22856,59.648
R498Q,0.11166,53.6196
R498S,-0.03417,55.6304
R498T,-0.21857,58.7385
R498V,-0.23402,53.5972
R498W,-0.62875,57.4299
R498Y,-0.33647,55.1885
P499A,-0.70134,54.6724
P499C,-1.04583,56.1921
P499D,-0.32463,58.1245
P499E,-0.38153,54.2466
P499F,-1.09861,60.2208
P499G,-0.6597,54.2021
P499H,-0.52748,54.1993
P499I,-1.45799,60.1092
P499K,-0.61487,58.211
P499L,-1.20472,56.6375
P499M,-1.09503,57.4791
P499N,-0.46223,56.8222
P499Q,-0.44054,57.5742
P499R,-0.72299,54.862
P499S,-0.342,61.6653
P499T,-0.47793,57.5147
P499V,-1.30942,59.0807
P499W,-1.37124,57.3622
P499Y,-0.96174,58.5211
T500A,-0.15339,55.4405
T500C,-0.63418,52.542
T500D,0.10001,52.352
T500E,0.27076,57.3279
T500F,-0.57133,44.7892
T500G,0.10811,54.0532
T500H,0.0969,51.0968
T500I,-0.81093,56.7374
T500K,-0.21019,54.696
T500L,-0.58026,55.1904
T500M,-0.42004,56.8043
T500N,-0.02825,51.8287
T500P,-0.88623,54.1569
T500Q,-0.03888,53.4053
T500R,-0.35421,56.6982
T500S,-0.10528,48.9325
T500V,-0.54906,56.0225
T500W,-0.06635,47.803
T500Y,-0.34073,51.1667
Y501A,0.16361,55.3289
Y501C,-0.11299,57.6797
Y501D,0.29726,54.2061
Y501E,0.15686,56.7803
Y501F,-0.01182,54.5712
Y501G,-0.06632,54.6796
Y501H,-0.09237,54.8655
Y501I,-0.23215,53.0023
Y501K,-0.11162,52.8829
Y501L,0.10982,56.5706
Y501M,0.12882,53.6341
Y501N,0.0406,55.2318
Y501P,-0.30509,63.6416
Y501Q,0.13413,53.7137
Y501R,-0.1644,52.2736
Y501S,0.20295,58.6958
Y501T,0.03227,45.7659
Y501V,0.07656,57.837
Y501W,-0.09783,54.2713
G502A,-0.04008,49.0949
G502C,-0.96348,54.948
G502D,0.12345,59.1475
G502E,0.06957,49.6025
G502F,-0.60092,53.6063
G502H,-0.09509,53.099
G502I,-0.10663,58.1532
G502K,0.02388,56.7405
G502L,-0.34699,52.366
G502M,-0.38893,51.6586
G502N,0.08316,53.2276
G502P,-0.02706,50.7877
G502Q,0.06377,54.2975
G502R,-0.15645,58.2108
G502S,0.12769,51.3052
G502T,-0.01493,47.2396
G502V,-0.09284,54.547
G502W,-0.6236,50.0278
G502Y,-0.47422,54.828
V503A,-0.05632,57.4598
V503C,-0.59567,57.5493
V503D,0.00361,51.8305
V503E,0.12951,54.6311
V503F,-0.33171,59.0448
V503G,-0.45356,54.014
V503H,-0.19903,54.6258
V503I,0.04963,62.2398
V503K,-0.00298,57.5824
V503L,0.02231,53.0647
V503M,-0.08562,51.3747
V503N,-0.26931,55.6854
V503P,0.06257,56.2722
V503Q,-0.00175,55.0527
V503R,-0.12478,57.0846
V503S,-0.06423,53.1378
V503T,0.00778,56.1106
V503W,0.04683,56.765
V503Y,-0.25007,55.6772
G504A,-0.05287,53.4111
G504C,-0.88873,57.8133
G504D,0.11535,56.5787
G504E,0.10875,54.5505
G504F,-0.63867,53.0764
G504H,-0.06299,54.0028
G504I,-0.536,55.9455
G504K,-0.183,57.0096
G504L,-0.02871,52.312
G504M,-0.03296,55.7081
G504N,0.03432,54.253
G504P,-0.50812,56.0296
G504Q,-0.05101,53.2682
G504R,-0.17546,54.3857
G504S,-0.23751,58.7601
G504T,-0.12451,55.3142
G504V,-0.5871,54.1269
G504W,-0.55823,56.885
G504Y,-0.4385,52.959
H505A,-0.04475,55.4219
H505C,-0.40715,48.9858
H505D,0.23646,56.49
H505E,0.24334,46.2246
H505F,-0.08144,52.4353
H505G,-0.23448,55.8945
H505I,-0.7255,53.3559
H505K,-0.38117,49.2561
H505L,-0.2398,49.7094
H505M,0.04856,51.5295
H505N,0.12456,54.1256
H505P,-1.27557,50.503
H505Q,0.10185,59.3352
H505R,-0.41179,51.9855
H505S,-0.01449,55.0477
H505T,-0.25295,54.0245
H505V,-0.76273,49.7271
H505W,-0.11077,52.7442
H505Y,-0.06238,52.0888
Q506A,-0.99967,52.1139
Q506C,-1.42673,52.9064
Q506D,-0.93758,58.1909
Q506E,-0.96279,48.2481
Q506F,-1.55809,54.9004
Q506G,-1.1152,55.1779
Q506H,-1.09537,49.3696
Q506I,-1.50291,55.0708
Q506K,-1.42049,57.2389
Q506L,-1.30518,52.9416
Q506M,-1.05272,54.9352
Q506N,-1.15998,53.3491
Q506P,-1.40966,51.306
Q506R,-1.30051,57.1515
Q506S,-1.07824,56.6143
Q506T,-1.31953,51.5036
Q506V,-1.43943,50.7122
Q506W,-1.50262,51.4025
Q506Y,-1.51619,53.9014
P507A,-0.588,54.2523
P507C,-1.4512,60.3206
P507D,-1.25693,66.0703
P507E,-1.23295,57.2272
P507F,-1.27059,64.8701
P507G,-1.40348,53.1912
P507H,-1.4014,64.6701
P507I,-1.44299,54.4368
P507K,-1.41163,66.5426
P507L,-1.07746,51.0981
P507M,-1.14578,59.9707
P507N,-1.33717,62.4734
P507Q,-1.39243,61.8589
P507R,-1.55063,60.9999
P507S,-1.1637,56.433
P507T,-1.35404,57.1385
P507V,-1.35581,58.6712
P507W,-1.19833,71.5877
P507Y,-1.29327,55.8199
Y508A,-0.54463,50.4002
Y508C,-0.1803,60.0548
Y508D,-1.40145,60.5955
Y508E,-1.40357,45.3979
Y508F,-0.04464,59.2457
Y508G,-1.51259,43.2229
Y508H,0.27143,55.9188
Y508I,-0.05958,47.5358
Y508K,-1.40976,47.106
Y508L,-0.52924,50.0844
Y508M,-0.10399,51.789
Y508N,-1.19195,53.9471
Y508P,-1.5258,52.6604
Y508Q,-1.19863,54.5071
Y508R,-1.43577,51.1909
Y508S,-1.26169,59.3636
Y508T,-0.41044,57.4102
Y508V,0.13195,50.9936
Y508W,-0.53278,55.0643
R509A,-1.33255,45.0624
R509C,-1.13666,47.763
R509D,-1.34737,53.6077
R509E,-1.3101,54.8985
R509F,-1.32231,49.86
R509G,-1.39724,49.2599
R509H,-1.21297,55.6376
R509I,-1.29963,48.0386
R509K,-1.41375,54.3522
R509L,-1.35298,45.288
R509M,-1.31704,47.302
R509N,-1.25786,56.5183
R509P,-1.4503,50.6395
R509Q,-1.33528,56.1308
R509S,-1.42154,52.0505
R509T,-1.27967,49.875
R509V,-1.21352,50.7831
R509W,-1.44242,47.5244
R509Y,-1.25299,52.3581
V510A,-1.55879,57.236
V510C,-0.81206,51.1394
V510D,-1.72572,63.0647
V510E,-1.75291,58.8379
V510F,-1.53846,58.869
V510G,-1.67142,61.6957
V510H,-1.69949,58.7176
V510I,-0.72832,57.7809
V510K,-1.73974,59.9124
V510L,-1.37593,53.4542
V510M,-1.21263,54.025
V510N,-1.78659,60.1388
V510P,-1.80005,62.6616
V510Q,-1.65954,52.8444
V510R,-1.74999,50.0678
V510S,-1.77241,54.6848
V510T,-1.34107,55.0843
V510W,-1.49907,58.0184
V510Y,-1.58007,57.8338
V511A,-1.45306,59.6155
V511C,-1.20055,57.3491
V511D,-1.51209,57.1533
V511E,-1.56677,55.7899
V511F,-1.44648,62.1395
V511G,-1.75568,56.2856
V511H,-1.54227,62.5715
V511I,-1.07102,52.0068
V511K,-1.83828,60.9212
V511L,-1.214,58.7535
V511M,-1.37761,54.6012
V511N,-1.58267,52.7528
V511P,-1.83338,58.9608
V511Q,-1.6146,58.5942
V511R,-1.89229,62.693
V511S,-1.66109,61.5894
V511T,-1.43638,58.8565
V511W,-1.42193,62.242
V511Y,-1.42226,62.1708
V512A,-1.58504,58.3277
V512C,-1.31744,59.3613
V512D,-1.91798,51.1427
V512E,-1.82747,58.7312
V512F,-1.53045,61.0719
V512G,-1.80897,55.4622
V512H,-1.67412,62.0936
V512I,-0.96706,51.1888
V512K,-1.68848,49.5514
V512L,-1.49403,59.4622
V512M,-1.51173,55.6621
V512N,-1.71786,60.5468
V512P,-1.90128,50.9859
V512Q,-1.77187,58.8159
V512R,-1.74375,56.681
V512S,-1.79262,61.6494
V512T,-1.66732,61.2111
V512W,-1.56117,69.4512
V512Y,-1.69192,69.2192
L513A,-1.6707,50.6593
L513C,-1.33339,55.7653
L513D,-1.92401,50.3196
L513E,-2.01947,55.7986
L513F,-1.08799,51.2041
L513G,-1.79598,54.9526
L513H,-2.06452,52.7426
L513I,-0.53235,57.0292
L513K,-1.95776,54.3364
L513M,-0.94677,50.7096
L513N,-1.97924,48.7913
L513P,-2.02357,65.2011
L513Q,-1.95679,51.828
L513R,-2.13183,54.426
L513S,-1.99628,54.2304
L513T,-1.95721,51.1295
L513V,-1.10647,52.2739
L513W,-1.63943,56.7067
L513Y,-1.73701,48.392
S514A,-0.63778,50.0086
S514C,-0.41786,48.0682
S514D,-1.33524,48.2157
S514E,-1.24407,48.8234
S514F,-0.66678,50.3896
S514G,-0.19952,53.7713
S514H,0.10264,54.1892
S514I,-0.60574,49.5455
S514K,-0.83627,45.0847
S514L,-0.87457,49.3453
S514M,-0.82056,45.7813
S514N,-0.31675,54.1385
S514P,-1.65035,51.0717
S514Q,-0.61414,52.453
S514R,-0.66788,57.2555
S514T,0.15543,49.9744
S514V,-0.21804,50.449
S514W,-0.04333,46.7452
S514Y,-0.41976,49.9133
F515A,-1.40424,57.7514
F515C,-1.18699,57.2633
F515D,-1.34379,57.2288
F515E,-1.59231,54.4004
F515G,-1.3176,61.4866
F515H,-1.71789,57.6853
F515I,-1.11906,56.8951
F515K,-1.6453,56.3987
F515L,-0.93246,50.8406
F515M,-0.44122,55.6938
F515N,-1.44075,53.1563
F515P,-1.70718,56.9983
F515Q,-1.73724,59.4208
F515R,-1.76831,56.3952
F515S,-1.63678,55.6325
F515T,-1.56385,57.8537
F515V,-1.19737,57.7761
F515W,-1.02906,56.5141
F515Y,-0.7131,51.2526
E516A,-1.11829,61.3866
E516C,-1.11111,53.7949
E516D,-0.1405,59.7799
E516F,-1.74569,51.2672
E516G,-0.41544,58.535
E516H,-0.41781,58.1876
E516I,-1.72054,56.5111
E516K,-0.58861,56.9657
E516L,-2.0317,52.6492
E516M,-1.41034,55.0656
E516N,0.05489,58.1928
E516P,-1.08069,64.0912
E516Q,-0.30395,59.6168
E516R,-0.76182,49.7057
E516S,-0.22605,58.4721
E516T,-0.48476,60.1164
E516V,-1.28073,56.6419
E516W,-0.5535,56.1512
E516Y,-0.96689,48.8862
L517A,0.19246,48.7154
L517C,-0.00494,59.1162
L517D,-0.05369,54.2131
L517E,-0.2945,50.2403
L517F,-0.36598,55.1865
L517G,0.00059,56.1469
L517H,-0.31709,54.6514
L517I,0.00987,56.7901
L517K,0.03551,57.7898
L517M,0.04203,51.6609
L517N,0.12522,55.0865
L517P,-0.44762,51.8355
L517Q,0.10677,54.2796
L517R,-0.05821,56.1231
L517S,0.19767,54.5542
L517T,0.17942,51.0713
L517V,-0.12644,55.0543
L517W,-0.18412,51.4408
L517Y,-0.4142,55.6841
L518A,0.1983,57.5758
L518C,0.03099,54.8261
L518D,0.16994,49.8486
L518E,0.09724,58.5814
L518F,-0.17578,53.6909
L518G,0.22861,51.8677
L518H,-0.0209,52.8638
L518I,-0.10036,50.8548
L518K,0.19696,51.7314
L518M,-0.07526,50.2648
L518N,0.05103,57.5594
L518P,-0.14021,54.4339
L518Q,0.15737,45.9961
L518R,-0.03888,53.4481
L518S,0.32304,52.9688
L518T,0.16599,54.9305
L518V,0.0162,53.7989
L518W,-0.08036,49.6271
L518Y,0.00801,52.6057
H519A,0.03781,52.543
H519C,-0.66096,52.2883
H519D,0.13478,50.0591
H519E,0.20274,51.2636
H519F,-0.64333,57.5471
H519G,0.12962,53.7714
H519I,-0.63907,54.7865
H519K,-0.12133,56.3918
H519L,-0.5122,55.3585
H519M,-0.29866,58.2688
H519N,0.12143,53.722
H519P,0.02278,45.3634
H519Q,-0.02258,54.8083
H519R,-0.05784,51.0204
H519S,0.18682,51.6002
H519T,-0.12139,48.0047
H519V,-0.45218,50.5418
H519W,-0.80774,55.7428
H519Y,-0.32195,53.7713
A520C,-0.59219,46.8304
A520D,-0.04151,48.6655
A520E,0.04867,54.5275
A520F,-0.55567,55.7002
A520G,0.18778,52.2598
A520H,-0.11431,54.7053
A520I,-0.59302,47.8063
A520K,0.062,53.1551
A520L,-0.2443,45.6755
A520M,-0.25375,48.3786
A520N,-0.1479,53.1307
A520P,-0.12204,55.0493
A520Q,0.00603,48.5395
A520R,-0.1674,54.9719
A520S,-0.01728,46.0045
A520T,-0.03144,53.0804
A520V,-0.29756,49.2977
A520W,-0.69191,54.1961
A520Y,-0.34118,53.1135
P521A,-0.21672,52.8298
P521C,-0.7488,52.7562
P521D,-0.00335,55.3018
P521E,0.01378,53.3465
P521F,-1.09135,59.1255
P521G,0.0018,54.2182
P521H,-0.09071,52.9238
P521I,-1.08854,55.0881
P521K,0.00759,49.5092
P521L,-1.2787,51.6867
P521M,-0.91304,48.3386
P521N,0.15017,52.6809
P521Q,-0.18637,51.1244
P521R,-0.00876,51.0347
P521S,-0.11551,53.4025
P521T,-0.10762,58.2668
P521V,-0.76421,60.3166
P521W,-1.10854,50.2834
P521Y,-0.78552,52.0558
A522C,-0.28742,60.0384
A522D,-0.0585,58.6892
A522E,-0.12966,57.3987
A522F,-0.11451,50.9101
A522G,-0.00167,50.7804
A522H,0.06102,60.7748
A522I,-0.29005,48.8938
A522K,-0.10169,51.0459
A522L,-0.13988,50.8748
A522M,-0.1011,49.3073
A522N,-0.08817,49.1618
A522P,-0.09657,50.9457
A522Q,-0.16862,55.753
A522R,-0.17072,54.256
A522S,-0.09642,61.3169
A522T,-0.04671,55.7986
A522V,-0.02136,59.0957
A522W,-0.42801,58.9409
A522Y,0.04503,49.7307
T523A,-0.2361,50.9494
T523C,-0.67289,60.469
T523D,-0.01936,57.9441
T523E,-0.11671,55.6968
T523F,-0.56795,54.7226
T523G,-0.28876,52.3057
T523H,-0.24329,55.5439
T523I,-0.58046,48.8196
T523K,-0.07546,51.9819
T523L,-0.36012,58.8367
T523M,-0.28487,54.3371
T523N,-0.05792,58.2965
T523P,-0.29063,51.5476
T523Q,-0.10079,60.6366
T523R,-0.17256,53.1386
T523S,-0.15752,47.4339
T523V,-0.46959,52.1652
T523W,-0.76773,55.8347
T523Y,-0.31906,57.47
V524A,-0.39209,53.5418
V524C,-0.40508,46.0306
V524D,-0.11937,61.5602
V524E,-0.20854,63.3196
V524F,-0.44996,54.9198
V524G,-0.14797,66.168
V524H,-0.26695,67.1796
V524I,-0.41736,50.331
V524K,-0.21801,72.1929
V524L,-0.34696,51.3851
V524M,-0.41672,50.743
V524N,-0.24342,59.9845
V524P,-0.14735,66.4469
V524Q,-0.17682,60.3539
V524R,-0.32011,79.7794
V524S,-0.18899,53.2386
V524T,-0.22721,54.9145
V524W,-0.54229,56.805
V524Y,-0.31802,63.4437
C525A,-0.20028,59.2821
C525D,-0.11297,58.0354
C525E,-0.1562,55.7779
C525F,-0.50672,51.2361
C525G,-0.19388,59.7362
C525H,-0.22935,57.0258
C525I,-0.32972,51.2281
C525K,-0.55622,54.2786
C525L,-0.36913,53.4433
C525M,-0.3512,51.9293
C525N,-0.10371,56.554
C525P,-0.25515,52.9203
C525Q,-0.21646,51.892
C525R,-0.69286,49.3918
C525S,-0.20237,56.0501
C525T,-0.1798,50.2789
C525V,-0.32822,52.0521
C525W,-0.61384,53.3795
C525Y,-0.43949,60.6288
G526A,-0.35703,47.1206
G526C,-0.63779,50.4455
G526D,-0.23397,57.4982
G526E,-0.21772,46.1122
G526F,-0.49209,44.0258
G526H,-0.30684,54.5912
G526I,-0.38908,49.6857
G526K,-0.35312,47.0672
G526L,-0.386,48.8928
G526M,-0.46322,46.749
G526N,-0.18601,50.6178
G526P,-0.02636,42.2942
G526Q,-0.32935,50.2954
G526R,-0.41411,52.9336
G526S,-0.20382,56.4318
G526T,-0.25753,47.4641
G526V,-0.36086,45.9036
G526W,-0.61486,50.1913
G526Y,-0.5078,52.9235
P527A,0.11302,55.8112
P527C,0.10534,56.5552
P527D,0.01327,51.2308
P527E,-0.09281,59.6102
P527F,0.17042,56.7662
P527G,-0.07482,54.4803
P527H,-0.02347,57.4234
P527I,0.27783,56.106
P527K,0.15977,44.2669
P527L,0.19994,55.4801
P527M,0.20976,58.9046
P527N,0.06884,56.0845
P527Q,0.16119,47.0088
P527R,0.05517,61.5763
P527S,0.10098,54.9785
P527T,0.02862,55.1234
P527V,0.1434,53.7864
P527W,0.07345,55.2759
P527Y,0.28953,55.454
K528A,0.00354,50.6482
K528C,-0.21877,55.56
K528D,-0.01623,51.8866
K528E,-0.0424,54.2899
K528F,-0.06028,50.4077
K528G,0.13722,55.0084
K528H,-0.03896,52.5695
K528I,-0.08589,53.6262
K528L,-0.16977,54.3374
K528M,-0.01883,54.3561
K528N,0.10599,52.8043
K528P,-0.04689,52.6765
K528Q,-0.08899,49.9734
K528R,-0.03745,54.6897
K528S,0.07218,47.6962
K528T,0.01451,45.317
K528V,-0.15834,52.3685
K528W,-0.25626,46.2868
K528Y,-0.08855,54.4068
K529A,0.24031,54.7645
K529C,-0.06354,53.2738
K529D,-0.03621,52.7931
K529E,-0.05067,52.0793
K529F,0.0331,50.4306
K529G,0.06481,59.2379
K529H,-0.09888,52.6783
K529I,0.0313,53.6318
K529L,-0.27481,50.3136
K529M,-0.0334,48.9451
K529N,0.0271,54.7706
K529P,-0.06545,46.4097
K529Q,0.04298,52.5549
K529R,0.00168,54.5645
K529S,0.10502,48.1155
K529T,0.03424,51.3521
K529V,0.12646,55.3423
K529W,0.0139,51.6535
K529Y,0.05714,55.6884
S530A,0.01291,51.4381
S530C,-0.17077,51.1275
S530D,-0.02659,54.3064
S530E,-0.0778,54.909
S530F,-0.11312,49.6151
S530G,0.00827,52.213
S530H,-0.05366,54.5019
S530I,-0.22718,51.8208
S530K,-0.01564,52.682
S530L,-0.01431,53.005
S530M,0.05408,48.0858
S530N,-0.11539,51.6801
S530P,-0.00753,53.6735
S530Q,-0.04115,51.4526
S530R,-0.2214,51.1824
S530T,-0.00412,52.873
S530V,0.0133,52.846
S530W,-0.12938,55.7452
S530Y,-0.02438,55.9012
T531A,-0.04935,46.7855
T531C,0.01656,51.669
T531D,-0.05065,47.1599
T531E,0.11187,56.9026
T531F,-0.00142,52.8223
T531G,0.07191,46.8017
T531H,-0.00782,50.5097
T531I,-0.02149,46.7105
T531K,-0.18361,51.8768
T531L,-0.02013,44.5416
T531M,0.08119,47.3134
T531N,-0.0092,47.8916
T531P,0.01861,45.4502
T531Q,0.07379,53.4058
T531R,0.07799,48.4999
T531S,0.01163,50.2947
T531V,0.0349,48.3532
T531W,-0.00798,53.3323
T531Y,-0.01169,56.1884
