pos,b_factor,variant
1.0,56.45,Beta_C379R
2.0,61.02,Beta_C379R
3.0,68.76,Beta_C379R
4.0,82.78,Beta_C379R
5.0,87.72,Beta_C379R
6.0,90.18,Beta_C379R
7.0,89.89,Beta_C379R
8.0,87.55,Beta_C379R
9.0,86.84,Beta_C379R
10.0,89.9,Beta_C379R
11.0,91.19,Beta_C379R
12.0,89.94,Beta_C379R
13.0,89.74,Beta_C379R
14.0,91.07,Beta_C379R
15.0,90.63,Beta_C379R
16.0,90.12,Beta_C379R
17.0,96.59,Beta_C379R
18.0,97.49,Beta_C379R
19.0,98.45,Beta_C379R
20.0,98.61,Beta_C379R
21.0,98.41,Beta_C379R
22.0,98.13,Beta_C379R
23.0,98.41,Beta_C379R
24.0,97.67,Beta_C379R
25.0,97.03,Beta_C379R
26.0,96.1,Beta_C379R
27.0,94.49,Beta_C379R
28.0,91.52,Beta_C379R
29.0,90.47,Beta_C379R
30.0,89.4,Beta_C379R
31.0,90.53,Beta_C379R
32.0,87.71,Beta_C379R
33.0,85.19,Beta_C379R
34.0,81.67,Beta_C379R
35.0,77.92,Beta_C379R
36.0,73.37,Beta_C379R
37.0,70.69,Beta_C379R
38.0,72.05,Beta_C379R
39.0,65.72,Beta_C379R
40.0,62.83,Beta_C379R
41.0,63.26,Beta_C379R
42.0,57.54,Beta_C379R
43.0,69.75,Beta_C379R
44.0,76.37,Beta_C379R
45.0,76.41,Beta_C379R
46.0,78.52,Beta_C379R
47.0,83.76,Beta_C379R
48.0,84.85,Beta_C379R
49.0,84.72,Beta_C379R
50.0,86.43,Beta_C379R
51.0,81.38,Beta_C379R
52.0,76.41,Beta_C379R
53.0,68.18,Beta_C379R
54.0,58.38,Beta_C379R
55.0,60.83,Beta_C379R
56.0,67.34,Beta_C379R
57.0,72.5,Beta_C379R
58.0,71.86,Beta_C379R
59.0,75.04,Beta_C379R
60.0,79.94,Beta_C379R
61.0,83.62,Beta_C379R
62.0,86.36,Beta_C379R
63.0,87.06,Beta_C379R
64.0,90.14,Beta_C379R
65.0,91.81,Beta_C379R
66.0,95.76,Beta_C379R
67.0,95.73,Beta_C379R
68.0,97.74,Beta_C379R
69.0,97.75,Beta_C379R
70.0,98.59,Beta_C379R
71.0,98.25,Beta_C379R
72.0,98.41,Beta_C379R
73.0,97.65,Beta_C379R
74.0,96.56,Beta_C379R
75.0,96.87,Beta_C379R
76.0,98.24,Beta_C379R
77.0,97.2,Beta_C379R
78.0,96.02,Beta_C379R
79.0,97.81,Beta_C379R
80.0,97.69,Beta_C379R
81.0,96.25,Beta_C379R
82.0,95.36,Beta_C379R
83.0,94.26,Beta_C379R
84.0,96.63,Beta_C379R
85.0,96.75,Beta_C379R
86.0,96.67,Beta_C379R
87.0,96.96,Beta_C379R
88.0,98.33,Beta_C379R
89.0,97.48,Beta_C379R
90.0,98.11,Beta_C379R
91.0,98.59,Beta_C379R
92.0,98.65,Beta_C379R
93.0,98.71,Beta_C379R
94.0,98.34,Beta_C379R
95.0,97.33,Beta_C379R
96.0,96.17,Beta_C379R
97.0,94.44,Beta_C379R
98.0,93.42,Beta_C379R
99.0,94.35,Beta_C379R
100.0,91.77,Beta_C379R
101.0,92.68,Beta_C379R
102.0,91.58,Beta_C379R
103.0,93.96,Beta_C379R
104.0,93.63,Beta_C379R
105.0,95.35,Beta_C379R
106.0,95.08,Beta_C379R
107.0,96.04,Beta_C379R
108.0,95.81,Beta_C379R
109.0,96.38,Beta_C379R
110.0,95.22,Beta_C379R
111.0,95.4,Beta_C379R
112.0,96.8,Beta_C379R
113.0,97.11,Beta_C379R
114.0,96.79,Beta_C379R
115.0,95.69,Beta_C379R
116.0,94.15,Beta_C379R
117.0,93.57,Beta_C379R
118.0,96.64,Beta_C379R
119.0,97.29,Beta_C379R
120.0,97.01,Beta_C379R
121.0,98.26,Beta_C379R
122.0,98.43,Beta_C379R
123.0,98.62,Beta_C379R
124.0,98.53,Beta_C379R
125.0,97.94,Beta_C379R
126.0,96.74,Beta_C379R
127.0,96.57,Beta_C379R
128.0,93.65,Beta_C379R
129.0,95.77,Beta_C379R
130.0,97.3,Beta_C379R
131.0,97.47,Beta_C379R
132.0,97.63,Beta_C379R
133.0,97.11,Beta_C379R
134.0,95.29,Beta_C379R
135.0,97.34,Beta_C379R
136.0,97.8,Beta_C379R
137.0,97.25,Beta_C379R
138.0,97.45,Beta_C379R
139.0,96.12,Beta_C379R
140.0,96.34,Beta_C379R
141.0,94.43,Beta_C379R
142.0,95.4,Beta_C379R
143.0,95.86,Beta_C379R
144.0,95.19,Beta_C379R
145.0,93.07,Beta_C379R
146.0,90.86,Beta_C379R
147.0,92.18,Beta_C379R
148.0,91.01,Beta_C379R
149.0,91.71,Beta_C379R
150.0,92.25,Beta_C379R
151.0,92.47,Beta_C379R
152.0,91.02,Beta_C379R
153.0,92.44,Beta_C379R
154.0,92.24,Beta_C379R
155.0,92.21,Beta_C379R
156.0,93.13,Beta_C379R
157.0,93.9,Beta_C379R
158.0,96.63,Beta_C379R
159.0,96.7,Beta_C379R
160.0,97.19,Beta_C379R
161.0,97.2,Beta_C379R
162.0,98.14,Beta_C379R
163.0,97.85,Beta_C379R
164.0,97.87,Beta_C379R
165.0,97.68,Beta_C379R
166.0,96.94,Beta_C379R
167.0,98.09,Beta_C379R
168.0,96.72,Beta_C379R
169.0,95.23,Beta_C379R
170.0,95.34,Beta_C379R
171.0,95.12,Beta_C379R
172.0,95.13,Beta_C379R
173.0,95.3,Beta_C379R
174.0,95.81,Beta_C379R
175.0,97.25,Beta_C379R
176.0,97.82,Beta_C379R
177.0,97.89,Beta_C379R
178.0,97.98,Beta_C379R
179.0,97.7,Beta_C379R
180.0,97.39,Beta_C379R
181.0,96.04,Beta_C379R
182.0,96.11,Beta_C379R
183.0,93.7,Beta_C379R
184.0,94.22,Beta_C379R
185.0,91.07,Beta_C379R
186.0,88.91,Beta_C379R
187.0,80.82,Beta_C379R
188.0,79.72,Beta_C379R
189.0,72.12,Beta_C379R
190.0,77.09,Beta_C379R
191.0,78.6,Beta_C379R
192.0,80.18,Beta_C379R
193.0,82.98,Beta_C379R
194.0,84.35,Beta_C379R
195.0,83.49,Beta_C379R
196.0,78.2,Beta_C379R
197.0,70.46,Beta_C379R
198.0,59.73,Beta_C379R
199.0,46.88,Beta_C379R
200.0,33.42,Beta_C379R
201.0,27.66,Beta_C379R